Filename,Class Name,Substructure,Status
subsCyclicEthers.sdf,(-ccccco-),(-ccccco-),UNIQUE
subsCyclicEthers.sdf,(-cccco-),(-cccco-),UNIQUE
subsCyclicEthers.sdf,(-ccco-),(-ccco-),UNIQUE
subsCyclicEthers.sdf,(-cco-),(-cco-),UNIQUE
subsCyclicEthers.sdf,(Q)(Q)(-ccccco-),(q)(q)(-ccccco-),Q-CLASS
subsCyclicEthers.sdf,(Q)(Q)(-cccco-),(q)(q)(-cccco-),Q-CLASS
subsCyclicEthers.sdf,(Q)(Q)(-ccco-),(q)(q)(-ccco-),Q-CLASS
subsCyclicEthers.sdf,(Q)(Q)(-cco-),(q)(q)(-cco-),Q-CLASS
subsPeroxy.sdf,(Q)(Q)(Q)coo.,(q)(q)(q)coo.,Q-CLASS
subsPeroxy.sdf,(Q)(Q)(X)coo.,(q)(q)(h)coo.,Q-CLASS
subsKetoAlkeneAlphaRadical.sdf,(QQ)cc(Q)coc(XX),(qq)cc(q)coc(hh),Q-CLASS
subsKetoAlkeneAlphaRadical.sdf,(QQ)cc(Q)coc(XX),(qq)cc(q)coc(rh),Q-CLASS
subsKetoAlkeneAlphaRadical.sdf,(QQ)cc(Q)coc(XX),(qq)cc(q)coc(rr),Q-CLASS
subsCyclicEthers2.sdf,(X)(X)(-ccccco-),(h)(h)(-ccccco-),UNIQUE
subsCyclicEthers2.sdf,(X)(X)(-ccccco-),(r)(h)(-ccccco-),UNIQUE
subsCyclicEthers2.sdf,(X)(X)(-ccccco-),(r)(r)(-ccccco-),UNIQUE
subsCyclicEthers2.sdf,(X)(X)(-cccco-),(h)(h)(-cccco-),UNIQUE
subsCyclicEthers2.sdf,(X)(X)(-cccco-),(r)(h)(-cccco-),UNIQUE
subsCyclicEthers2.sdf,(X)(X)(-cccco-),(r)(r)(-cccco-),UNIQUE
subsCyclicEthers2.sdf,(X)(X)(-ccco-),(h)(h)(-ccco-),UNIQUE
subsCyclicEthers2.sdf,(X)(X)(-ccco-),(r)(h)(-ccco-),UNIQUE
subsCyclicEthers2.sdf,(X)(X)(-ccco-),(r)(r)(-ccco-),UNIQUE
subsCyclicEthers2.sdf,(X)(X)(-cco-),(h)(h)(-cco-),UNIQUE
subsCyclicEthers2.sdf,(X)(X)(-cco-),(r)(h)(-cco-),UNIQUE
subsCyclicEthers2.sdf,(X)(X)(-cco-),(r)(r)(-cco-),UNIQUE
subsCyclicEthers3.sdf,(X)(X)(-cco-)cc(XXX),(h)(h)(-cco-)cc(hhh),UNIQUE
subsCyclicEthers3.sdf,(X)(X)(-cco-)cc(XXX),(r)(h)(-cco-)cc(hhh),UNIQUE
subsCyclicEthers3.sdf,(X)(X)(-cco-)cc(XXX),(r)(r)(-cco-)cc(hhh),UNIQUE
subsCyclicEthers3.sdf,(X)(X)(-cco-)cc(XXX),(h)(h)(-cco-)cc(rhh),UNIQUE
subsCyclicEthers3.sdf,(X)(X)(-cco-)cc(XXX),(r)(h)(-cco-)cc(rhh),UNIQUE
subsCyclicEthers3.sdf,(X)(X)(-cco-)cc(XXX),(r)(r)(-cco-)cc(rhh),UNIQUE
subsCyclicEthers3.sdf,(X)(X)(-cco-)cc(XXX),(h)(h)(-cco-)cc(rrh),UNIQUE
subsCyclicEthers3.sdf,(X)(X)(-cco-)cc(XXX),(r)(h)(-cco-)cc(rrh),UNIQUE
subsCyclicEthers3.sdf,(X)(X)(-cco-)cc(XXX),(r)(r)(-cco-)cc(rrh),UNIQUE
subsCyclicEthers3.sdf,(X)(X)(-cco-)cc(XXX),(h)(h)(-cco-)cc(rrr),UNIQUE
subsCyclicEthers3.sdf,(X)(X)(-cco-)cc(XXX),(r)(h)(-cco-)cc(rrr),UNIQUE
subsCyclicEthers3.sdf,(X)(X)(-cco-)cc(XXX),(r)(r)(-cco-)cc(rrr),UNIQUE
subsOOQOOH.sdf,(X)(X)(ccccoo.)cooh,(h)(h)(ccccoo.)cooh,UNIQUE
subsOOQOOH.sdf,(X)(X)(ccccoo.)cooh,(h)(r)(ccccoo.)cooh,UNIQUE
subsOOQOOH.sdf,(X)(X)(cccoo.)cooh,(h)(h)(cccoo.)cooh,UNIQUE
subsOOQOOH.sdf,(X)(X)(cccoo.)cooh,(h)(r)(cccoo.)cooh,UNIQUE
subsDiPeroxy.sdf,(X)(X)(cccooh)cooh,(h)(h)(cccooh)cooh,UNIQUE
subsPeroxy.sdf,(X)(X)(X)coo.,(h)(h)(h)coo.,UNIQUE
subsPeroxy.sdf,(X)(X)(X)coo.,(h)(h)(r)coo.,UNIQUE
subsPeroxy.sdf,(X)(X)(X)coo.,(h)(r)(r)coo.,UNIQUE
subsPeroxy.sdf,(X)(X)(X)coo.,(r)(r)(r)coo.,UNIQUE
subsPeroxy.sdf,(X)(X)(X)cooh,(h)(h)(h)cooh,UNIQUE
subsPeroxy.sdf,(X)(X)(X)cooh,(h)(h)(r)cooh,UNIQUE
subsPeroxy.sdf,(X)(X)(X)cooh,(h)(r)(r)cooh,UNIQUE
subsPeroxy.sdf,(X)(X)(X)cooh,(r)(r)(r)cooh,UNIQUE
subsAldKetone.sdf,(X)(X)c(o),(h)(h)c(o),UNIQUE
subsAldKetone.sdf,(X)(X)c(o),(r)(h)c(o),UNIQUE
subsAldKetone.sdf,(X)(X)c(o),(r)(r)c(o),UNIQUE
subsAldKetone.sdf,(X).c(o),(h).c(o),UNIQUE
subsAldKetone.sdf,(X).c(o),(r).c(o),UNIQUE
subsAldKetone.sdf,(X).cooh-r,(h).cooh-r,UNIQUE
subsAldKetone11.sdf,(X)coc(XX)c(XX)co,(h)coc(hh)c(hh)co,UNIQUE
subsAldKetone11.sdf,(X)coc(XX)c(XX)co,(r)coc(hh)c(hh)co,UNIQUE
subsAldKetone11.sdf,(X)coc(XX)c(XX)co,(h)coc(rh)c(hh)co,UNIQUE
subsAldKetone11.sdf,(X)coc(XX)c(XX)co,(r)coc(rh)c(hh)co,UNIQUE
subsAldKetone11.sdf,(X)coc(XX)c(XX)co,(h)coc(rr)c(hh)co,UNIQUE
subsAldKetone11.sdf,(X)coc(XX)c(XX)co,(r)coc(rr)c(hh)co,UNIQUE
subsAldKetone11.sdf,(X)coc(XX)c(XX)co,(h)coc(hh)c(rh)co,UNIQUE
subsAldKetone11.sdf,(X)coc(XX)c(XX)co,(r)coc(hh)c(rh)co,UNIQUE
subsAldKetone11.sdf,(X)coc(XX)c(XX)co,(h)coc(rh)c(rh)co,UNIQUE
subsAldKetone11.sdf,(X)coc(XX)c(XX)co,(r)coc(rh)c(rh)co,UNIQUE
subsAldKetone11.sdf,(X)coc(XX)c(XX)co,(h)coc(rr)c(rh)co,UNIQUE
subsAldKetone11.sdf,(X)coc(XX)c(XX)co,(r)coc(rr)c(rh)co,UNIQUE
subsAldKetone11.sdf,(X)coc(XX)c(XX)co,(h)coc(hh)c(rr)co,UNIQUE
subsAldKetone11.sdf,(X)coc(XX)c(XX)co,(r)coc(hh)c(rr)co,UNIQUE
subsAldKetone11.sdf,(X)coc(XX)c(XX)co,(h)coc(rh)c(rr)co,UNIQUE
subsAldKetone11.sdf,(X)coc(XX)c(XX)co,(r)coc(rh)c(rr)co,UNIQUE
subsAldKetone11.sdf,(X)coc(XX)c(XX)co,(h)coc(rr)c(rr)co,UNIQUE
subsAldKetone11.sdf,(X)coc(XX)c(XX)co,(r)coc(rr)c(rr)co,UNIQUE
subsAldKetone10.sdf,(X)coc(XX)coc.(XX),(h)coc(hh)coc.(hh),UNIQUE
subsAldKetone10.sdf,(X)coc(XX)coc.(XX),(r)coc(hh)coc.(hh),UNIQUE
subsAldKetone10.sdf,(X)coc(XX)coc.(XX),(h)coc(rh)coc.(hh),UNIQUE
subsAldKetone10.sdf,(X)coc(XX)coc.(XX),(r)coc(rh)coc.(hh),UNIQUE
subsAldKetone10.sdf,(X)coc(XX)coc.(XX),(h)coc(rr)coc.(hh),UNIQUE
subsAldKetone10.sdf,(X)coc(XX)coc.(XX),(r)coc(rr)coc.(hh),UNIQUE
subsAldKetone10.sdf,(X)coc(XX)coc.(XX),(h)coc(hh)coc.(rh),UNIQUE
subsAldKetone10.sdf,(X)coc(XX)coc.(XX),(r)coc(hh)coc.(rh),UNIQUE
subsAldKetone10.sdf,(X)coc(XX)coc.(XX),(h)coc(rh)coc.(rh),UNIQUE
subsAldKetone10.sdf,(X)coc(XX)coc.(XX),(r)coc(rh)coc.(rh),UNIQUE
subsAldKetone10.sdf,(X)coc(XX)coc.(XX),(h)coc(rr)coc.(rh),UNIQUE
subsAldKetone10.sdf,(X)coc(XX)coc.(XX),(r)coc(rr)coc.(rh),UNIQUE
subsAldKetone10.sdf,(X)coc(XX)coc.(XX),(h)coc(hh)coc.(rr),UNIQUE
subsAldKetone10.sdf,(X)coc(XX)coc.(XX),(r)coc(hh)coc.(rr),UNIQUE
subsAldKetone10.sdf,(X)coc(XX)coc.(XX),(h)coc(rh)coc.(rr),UNIQUE
subsAldKetone10.sdf,(X)coc(XX)coc.(XX),(r)coc(rh)coc.(rr),UNIQUE
subsAldKetone10.sdf,(X)coc(XX)coc.(XX),(h)coc(rr)coc.(rr),UNIQUE
subsAldKetone10.sdf,(X)coc(XX)coc.(XX),(r)coc(rr)coc.(rr),UNIQUE
subsCyclicEthers5.sdf,(XX)(Q)(-cco-)c(QQ)c(QQQ),(hh)(q)(-cco-)c(qq)c(qqq),Q-CLASS
subsCyclicEthers5.sdf,(XX)(Q)(-cco-)c(QQ)c(QQQ),(rh)(q)(-cco-)c(qq)c(qqq),Q-CLASS
subsCyclicEthers5.sdf,(XX)(Q)(-cco-)c(QQ)c(QQQ),(rr)(q)(-cco-)c(qq)c(qqq),Q-CLASS
subsCyclicEthers4.sdf,(XX)(X)(-cco-)c(XXX),(hh)(h)(-cco-)c(hhh),UNIQUE
subsCyclicEthers4.sdf,(XX)(X)(-cco-)c(XXX),(rh)(h)(-cco-)c(hhh),UNIQUE
subsCyclicEthers4.sdf,(XX)(X)(-cco-)c(XXX),(rr)(h)(-cco-)c(hhh),UNIQUE
subsCyclicEthers4.sdf,(XX)(X)(-cco-)c(XXX),(hh)(r)(-cco-)c(hhh),UNIQUE
subsCyclicEthers4.sdf,(XX)(X)(-cco-)c(XXX),(rh)(r)(-cco-)c(hhh),UNIQUE
subsCyclicEthers4.sdf,(XX)(X)(-cco-)c(XXX),(rr)(r)(-cco-)c(hhh),UNIQUE
subsCyclicEthers4.sdf,(XX)(X)(-cco-)c(XXX),(hh)(h)(-cco-)c(rhh),UNIQUE
subsCyclicEthers4.sdf,(XX)(X)(-cco-)c(XXX),(rh)(h)(-cco-)c(rhh),UNIQUE
subsCyclicEthers4.sdf,(XX)(X)(-cco-)c(XXX),(rr)(h)(-cco-)c(rhh),UNIQUE
subsCyclicEthers4.sdf,(XX)(X)(-cco-)c(XXX),(hh)(r)(-cco-)c(rhh),UNIQUE
subsCyclicEthers4.sdf,(XX)(X)(-cco-)c(XXX),(rh)(r)(-cco-)c(rhh),UNIQUE
subsCyclicEthers4.sdf,(XX)(X)(-cco-)c(XXX),(rr)(r)(-cco-)c(rhh),UNIQUE
subsCyclicEthers4.sdf,(XX)(X)(-cco-)c(XXX),(hh)(h)(-cco-)c(rrh),UNIQUE
subsCyclicEthers4.sdf,(XX)(X)(-cco-)c(XXX),(rh)(h)(-cco-)c(rrh),UNIQUE
subsCyclicEthers4.sdf,(XX)(X)(-cco-)c(XXX),(rr)(h)(-cco-)c(rrh),UNIQUE
subsCyclicEthers4.sdf,(XX)(X)(-cco-)c(XXX),(hh)(r)(-cco-)c(rrh),UNIQUE
subsCyclicEthers4.sdf,(XX)(X)(-cco-)c(XXX),(rh)(r)(-cco-)c(rrh),UNIQUE
subsCyclicEthers4.sdf,(XX)(X)(-cco-)c(XXX),(rr)(r)(-cco-)c(rrh),UNIQUE
subsCyclicEthers4.sdf,(XX)(X)(-cco-)c(XXX),(hh)(h)(-cco-)c(rrr),UNIQUE
subsCyclicEthers4.sdf,(XX)(X)(-cco-)c(XXX),(rh)(h)(-cco-)c(rrr),UNIQUE
subsCyclicEthers4.sdf,(XX)(X)(-cco-)c(XXX),(rr)(h)(-cco-)c(rrr),UNIQUE
subsCyclicEthers4.sdf,(XX)(X)(-cco-)c(XXX),(hh)(r)(-cco-)c(rrr),UNIQUE
subsCyclicEthers4.sdf,(XX)(X)(-cco-)c(XXX),(rh)(r)(-cco-)c(rrr),UNIQUE
subsCyclicEthers4.sdf,(XX)(X)(-cco-)c(XXX),(rr)(r)(-cco-)c(rrr),UNIQUE
subsKetoAlphaRadical.sdf,(XX)cc(X)c(X)o,(hh)cc(h)c(h)o,UNIQUE
subsKetoAlphaRadical.sdf,(XX)cc(X)c(X)o,(hh)cc(r)c(h)o,UNIQUE
subsKetoAlphaRadical.sdf,(XX)cc(X)c(X)o,(rh)cc(h)c(h)o,UNIQUE
subsKetoAlphaRadical.sdf,(XX)cc(X)c(X)o,(rh)cc(r)c(h)o,UNIQUE
subsKetoAlphaRadical.sdf,(XX)cc(X)c(X)o,(rr)cc(h)c(h)o,UNIQUE
subsKetoAlphaRadical.sdf,(XX)cc(X)c(X)o,(rr)cc(r)c(h)o,UNIQUE
subsKetoAlphaRadical.sdf,(XX)cc(X)c(X)o,(hh)cc(h)c(r)o,UNIQUE
subsKetoAlphaRadical.sdf,(XX)cc(X)c(X)o,(hh)cc(r)c(r)o,UNIQUE
subsKetoAlphaRadical.sdf,(XX)cc(X)c(X)o,(rh)cc(h)c(r)o,UNIQUE
subsKetoAlphaRadical.sdf,(XX)cc(X)c(X)o,(rh)cc(r)c(r)o,UNIQUE
subsKetoAlphaRadical.sdf,(XX)cc(X)c(X)o,(rr)cc(h)c(r)o,UNIQUE
subsKetoAlphaRadical.sdf,(XX)cc(X)c(X)o,(rr)cc(r)c(r)o,UNIQUE
subsKetoAlphaRadical.sdf,(XX)cc(X)c(XX)o,(hh)cc(h)c(rh)o,UNIQUE
subsKetoAlphaRadical.sdf,(XX)cc(X)c(XX)o,(hh)cc(r)c(rh)o,UNIQUE
subsKetoAlphaRadical.sdf,(XX)cc(X)c(XX)o,(rh)cc(h)c(rh)o,UNIQUE
subsKetoAlphaRadical.sdf,(XX)cc(X)c(XX)o,(rh)cc(r)c(rh)o,UNIQUE
subsKetoAlphaRadical.sdf,(XX)cc(X)c(XX)o,(rr)cc(h)c(rh)o,UNIQUE
subsKetoAlphaRadical.sdf,(XX)cc(X)c(XX)o,(rr)cc(r)c(rh)o,UNIQUE
subsKetoAlphaRadical.sdf,(XX)cc(X)c(XX)o,(hh)cc(h)c(rr)o,UNIQUE
subsKetoAlphaRadical.sdf,(XX)cc(X)c(XX)o,(hh)cc(r)c(rr)o,UNIQUE
subsKetoAlphaRadical.sdf,(XX)cc(X)c(XX)o,(rh)cc(h)c(rr)o,UNIQUE
subsKetoAlphaRadical.sdf,(XX)cc(X)c(XX)o,(rh)cc(r)c(rr)o,UNIQUE
subsKetoAlphaRadical.sdf,(XX)cc(X)c(XX)o,(rr)cc(h)c(rr)o,UNIQUE
subsKetoAlphaRadical.sdf,(XX)cc(X)c(XX)o,(rr)cc(r)c(rr)o,UNIQUE
subsKetoAlkeneAlphaRadical.sdf,(XX)cc(X)coc(XX),(hh)cc(h)coc(hh),UNIQUE
subsKetoAlkeneAlphaRadical.sdf,(XX)cc(X)coc(XX),(hh)cc(h)coc(rh),UNIQUE
subsKetoAlkeneAlphaRadical.sdf,(XX)cc(X)coc(XX),(hh)cc(h)coc(rr),UNIQUE
subsKetoAlkeneAlphaRadical.sdf,(XX)cc(X)coc(XX),(rh)cc(h)coc(hh),UNIQUE
subsKetoAlkeneAlphaRadical.sdf,(XX)cc(X)coc(XX),(rh)cc(h)coc(rh),UNIQUE
subsKetoAlkeneAlphaRadical.sdf,(XX)cc(X)coc(XX),(rh)cc(h)coc(rr),UNIQUE
subsKetoAlkeneAlphaRadical.sdf,(XX)cc(X)coc(XX),(rr)cc(h)coc(hh),UNIQUE
subsKetoAlkeneAlphaRadical.sdf,(XX)cc(X)coc(XX),(rr)cc(h)coc(rh),UNIQUE
subsKetoAlkeneAlphaRadical.sdf,(XX)cc(X)coc(XX),(rr)cc(h)coc(rr),UNIQUE
subsKetoAlkeneAlphaRadical.sdf,(XX)cc(X)coc(XX),(hh)cc(r)coc(hh),UNIQUE
subsKetoAlkeneAlphaRadical.sdf,(XX)cc(X)coc(XX),(hh)cc(r)coc(rh),UNIQUE
subsKetoAlkeneAlphaRadical.sdf,(XX)cc(X)coc(XX),(hh)cc(r)coc(rr),UNIQUE
subsKetoAlkeneAlphaRadical.sdf,(XX)cc(X)coc(XX),(rh)cc(r)coc(hh),UNIQUE
subsKetoAlkeneAlphaRadical.sdf,(XX)cc(X)coc(XX),(rh)cc(r)coc(rh),UNIQUE
subsKetoAlkeneAlphaRadical.sdf,(XX)cc(X)coc(XX),(rh)cc(r)coc(rr),UNIQUE
subsKetoAlkeneAlphaRadical.sdf,(XX)cc(X)coc(XX),(rr)cc(r)coc(hh),UNIQUE
subsKetoAlkeneAlphaRadical.sdf,(XX)cc(X)coc(XX),(rr)cc(r)coc(rh),UNIQUE
subsKetoAlkeneAlphaRadical.sdf,(XX)cc(X)coc(XX),(rr)cc(r)coc(rr),UNIQUE
subsChainPeroxy.sdf,.c(ooh)ccc(X),.c(ooh)ccc(h),UNIQUE
subsChainPeroxy.sdf,.c(ooh)cccc(X),.c(ooh)cccc(h),UNIQUE
subsChainPeroxy.sdf,.c(ooh)ccccc(X),.c(ooh)ccccc(h),UNIQUE
subsChainPeroxy.sdf,.c(ooh)cccccc(X),.c(ooh)cccccc(h),UNIQUE
subsPeroxy.sdf,.c(Q)(Q)(ccccooh),.c(q)(q)(ccccooh),Q-CLASS
subsPeroxy.sdf,.c(Q)(Q)(cccooh),.c(q)(q)(cccooh),Q-CLASS
subsPeroxy.sdf,.c(Q)(Q)(ccooh),.c(q)(q)(ccooh),Q-CLASS
subsPeroxy.sdf,.c(Q)(Q)(cooh),.c(q)(q)(cooh),Q-CLASS
subsPeroxy2.sdf,.c(X)(X)(ccccooh),.c(h)(h)(ccccooh),UNIQUE
subsPeroxy2.sdf,.c(X)(X)(ccccooh),.c(r)(h)(ccccooh),UNIQUE
subsPeroxy2.sdf,.c(X)(X)(ccccooh),.c(r)(r)(ccccooh),UNIQUE
subsPeroxy2.sdf,.c(X)(X)(cccooh),.c(h)(h)(cccooh),UNIQUE
subsPeroxy2.sdf,.c(X)(X)(cccooh),.c(r)(h)(cccooh),UNIQUE
subsPeroxy2.sdf,.c(X)(X)(cccooh),.c(r)(r)(cccooh),UNIQUE
subsPeroxy2.sdf,.c(X)(X)(ccooh),.c(h)(h)(ccooh),UNIQUE
subsPeroxy2.sdf,.c(X)(X)(ccooh),.c(r)(h)(ccooh),UNIQUE
subsPeroxy2.sdf,.c(X)(X)(ccooh),.c(r)(r)(ccooh),UNIQUE
subsPeroxy2.sdf,.c(X)(X)(cooh),.c(h)(h)(cooh),UNIQUE
subsPeroxy2.sdf,.c(X)(X)(cooh),.c(r)(h)(cooh),UNIQUE
subsPeroxy2.sdf,.c(X)(X)(cooh),.c(r)(r)(cooh),UNIQUE
subsPeroxy.sdf,.c(X)(X)c(X)(X)(ooh),.c(h)(h)c(h)(h)(ooh),UNIQUE
subsPeroxy.sdf,.c(X)(X)c(X)(X)(ooh),.c(r)(h)c(h)(h)(ooh),UNIQUE
subsPeroxy.sdf,.c(X)(X)c(X)(X)(ooh),.c(r)(r)c(h)(h)(ooh),UNIQUE
subsPeroxy.sdf,.c(X)(X)c(X)(X)(ooh),.c(h)(h)c(r)(h)(ooh),UNIQUE
subsPeroxy.sdf,.c(X)(X)c(X)(X)(ooh),.c(r)(h)c(r)(h)(ooh),UNIQUE
subsPeroxy.sdf,.c(X)(X)c(X)(X)(ooh),.c(r)(r)c(r)(h)(ooh),UNIQUE
subsPeroxy.sdf,.c(X)(X)c(X)(X)(ooh),.c(h)(h)c(r)(r)(ooh),UNIQUE
subsPeroxy.sdf,.c(X)(X)c(X)(X)(ooh),.c(r)(h)c(r)(r)(ooh),UNIQUE
subsPeroxy.sdf,.c(X)(X)c(X)(X)(ooh),.c(r)(r)c(r)(r)(ooh),UNIQUE
subsAldKetone.sdf,.c(X)(X)co(Q),.c(h)(h)co(q),Q-CLASS
subsAldKetone.sdf,.c(X)(X)co(Q),.c(r)(h)co(q),Q-CLASS
subsAldKetone.sdf,.c(X)(X)co(Q),.c(r)(r)co(q),Q-CLASS
subsAldKetone.sdf,.c(X)(X)co(X),.c(h)(h)co(h),DUPLICATE
subsAldKetone.sdf,.c(X)(X)co(X),.c(r)(h)co(h),DUPLICATE
subsAldKetone.sdf,.c(X)(X)co(X),.c(r)(r)co(h),DUPLICATE
subsAldKetone.sdf,.c(X)(X)co(X),.c(h)(h)co(r),DUPLICATE
subsAldKetone.sdf,.c(X)(X)co(X),.c(r)(h)co(r),DUPLICATE
subsAldKetone.sdf,.c(X)(X)co(X),.c(r)(r)co(r),DUPLICATE
subsAldKetone8.sdf,.c(X)(X)co(X),.c(h)(h)co(h),DUPLICATE
subsAldKetone8.sdf,.c(X)(X)co(X),.c(r)(h)co(h),DUPLICATE
subsAldKetone8.sdf,.c(X)(X)co(X),.c(r)(r)co(h),DUPLICATE
subsLongerRadicalChainsAlkene.sdf,.c(XX)c(XX)c(XX)c=c,.c(hh)c(hh)c(hh)c=c,UNIQUE
subsLongerRadicalChainsAlkene.sdf,.c(XX)c(XX)c(XX)c=c,.c(rh)c(hh)c(hh)c=c,UNIQUE
subsLongerRadicalChainsAlkene.sdf,.c(XX)c(XX)c(XX)c=c,.c(rr)c(hh)c(hh)c=c,UNIQUE
subsLongerRadicalChainsAlkene.sdf,.c(XX)c(XX)c(XX)c=c,.c(hh)c(rh)c(hh)c=c,UNIQUE
subsLongerRadicalChainsAlkene.sdf,.c(XX)c(XX)c(XX)c=c,.c(rh)c(rh)c(hh)c=c,UNIQUE
subsLongerRadicalChainsAlkene.sdf,.c(XX)c(XX)c(XX)c=c,.c(rr)c(rh)c(hh)c=c,UNIQUE
subsLongerRadicalChainsAlkene.sdf,.c(XX)c(XX)c(XX)c=c,.c(hh)c(rr)c(hh)c=c,UNIQUE
subsLongerRadicalChainsAlkene.sdf,.c(XX)c(XX)c(XX)c=c,.c(rh)c(rr)c(hh)c=c,UNIQUE
subsLongerRadicalChainsAlkene.sdf,.c(XX)c(XX)c(XX)c=c,.c(rr)c(rr)c(hh)c=c,UNIQUE
subsLongerRadicalChainsAlkene.sdf,.c(XX)c(XX)c(XX)c=c,.c(hh)c(hh)c(rh)c=c,UNIQUE
subsLongerRadicalChainsAlkene.sdf,.c(XX)c(XX)c(XX)c=c,.c(rh)c(hh)c(rh)c=c,UNIQUE
subsLongerRadicalChainsAlkene.sdf,.c(XX)c(XX)c(XX)c=c,.c(rr)c(hh)c(rh)c=c,UNIQUE
subsLongerRadicalChainsAlkene.sdf,.c(XX)c(XX)c(XX)c=c,.c(hh)c(rh)c(rh)c=c,UNIQUE
subsLongerRadicalChainsAlkene.sdf,.c(XX)c(XX)c(XX)c=c,.c(rh)c(rh)c(rh)c=c,UNIQUE
subsLongerRadicalChainsAlkene.sdf,.c(XX)c(XX)c(XX)c=c,.c(rr)c(rh)c(rh)c=c,UNIQUE
subsLongerRadicalChainsAlkene.sdf,.c(XX)c(XX)c(XX)c=c,.c(hh)c(rr)c(rh)c=c,UNIQUE
subsLongerRadicalChainsAlkene.sdf,.c(XX)c(XX)c(XX)c=c,.c(rh)c(rr)c(rh)c=c,UNIQUE
subsLongerRadicalChainsAlkene.sdf,.c(XX)c(XX)c(XX)c=c,.c(rr)c(rr)c(rh)c=c,UNIQUE
subsLongerRadicalChainsAlkene.sdf,.c(XX)c(XX)c(XX)c=c,.c(hh)c(hh)c(rr)c=c,UNIQUE
subsLongerRadicalChainsAlkene.sdf,.c(XX)c(XX)c(XX)c=c,.c(rh)c(hh)c(rr)c=c,UNIQUE
subsLongerRadicalChainsAlkene.sdf,.c(XX)c(XX)c(XX)c=c,.c(rr)c(hh)c(rr)c=c,UNIQUE
subsLongerRadicalChainsAlkene.sdf,.c(XX)c(XX)c(XX)c=c,.c(hh)c(rh)c(rr)c=c,UNIQUE
subsLongerRadicalChainsAlkene.sdf,.c(XX)c(XX)c(XX)c=c,.c(rh)c(rh)c(rr)c=c,UNIQUE
subsLongerRadicalChainsAlkene.sdf,.c(XX)c(XX)c(XX)c=c,.c(rr)c(rh)c(rr)c=c,UNIQUE
subsLongerRadicalChainsAlkene.sdf,.c(XX)c(XX)c(XX)c=c,.c(hh)c(rr)c(rr)c=c,UNIQUE
subsLongerRadicalChainsAlkene.sdf,.c(XX)c(XX)c(XX)c=c,.c(rh)c(rr)c(rr)c=c,UNIQUE
subsLongerRadicalChainsAlkene.sdf,.c(XX)c(XX)c(XX)c=c,.c(rr)c(rr)c(rr)c=c,UNIQUE
subsPropenylRadical3.sdf,.c(XX)c=c,.c(hh)c=c,UNIQUE
subsPropenylRadical3.sdf,.c(XX)c=c,.c(rh)c=c,UNIQUE
subsPropenylRadical3.sdf,.c(XX)c=c,.c(rr)c=c,UNIQUE
subsLongerRadicalChains3Carbons.sdf,.c(XX)cc(XXX),.c(hh)cc(hhh),UNIQUE
subsLongerRadicalChains3Carbons.sdf,.c(XX)cc(XXX),.c(rh)cc(hhh),UNIQUE
subsLongerRadicalChains3Carbons.sdf,.c(XX)cc(XXX),.c(rr)cc(hhh),UNIQUE
subsLongerRadicalChains3Carbons.sdf,.c(XX)cc(XXX),.c(hh)cc(rhh),UNIQUE
subsLongerRadicalChains3Carbons.sdf,.c(XX)cc(XXX),.c(rh)cc(rhh),UNIQUE
subsLongerRadicalChains3Carbons.sdf,.c(XX)cc(XXX),.c(rr)cc(rhh),UNIQUE
subsLongerRadicalChains3Carbons.sdf,.c(XX)cc(XXX),.c(hh)cc(rrh),UNIQUE
subsLongerRadicalChains3Carbons.sdf,.c(XX)cc(XXX),.c(rh)cc(rrh),UNIQUE
subsLongerRadicalChains3Carbons.sdf,.c(XX)cc(XXX),.c(rr)cc(rrh),UNIQUE
subsLongerRadicalChains3Carbons.sdf,.c(XX)cc(XXX),.c(hh)cc(rrr),UNIQUE
subsLongerRadicalChains3Carbons.sdf,.c(XX)cc(XXX),.c(rh)cc(rrr),UNIQUE
subsLongerRadicalChains3Carbons.sdf,.c(XX)cc(XXX),.c(rr)cc(rrr),UNIQUE
subsLongerRadicalChains4Carbons.sdf,.c(XX)ccc(XXX),.c(hh)ccc(hhh),UNIQUE
subsLongerRadicalChains4Carbons.sdf,.c(XX)ccc(XXX),.c(rh)ccc(hhh),UNIQUE
subsLongerRadicalChains4Carbons.sdf,.c(XX)ccc(XXX),.c(rr)ccc(hhh),UNIQUE
subsLongerRadicalChains4Carbons.sdf,.c(XX)ccc(XXX),.c(hh)ccc(rhh),UNIQUE
subsLongerRadicalChains4Carbons.sdf,.c(XX)ccc(XXX),.c(rh)ccc(rhh),UNIQUE
subsLongerRadicalChains4Carbons.sdf,.c(XX)ccc(XXX),.c(rr)ccc(rhh),UNIQUE
subsLongerRadicalChains4Carbons.sdf,.c(XX)ccc(XXX),.c(hh)ccc(rrh),UNIQUE
subsLongerRadicalChains4Carbons.sdf,.c(XX)ccc(XXX),.c(rh)ccc(rrh),UNIQUE
subsLongerRadicalChains4Carbons.sdf,.c(XX)ccc(XXX),.c(rr)ccc(rrh),UNIQUE
subsLongerRadicalChains4Carbons.sdf,.c(XX)ccc(XXX),.c(hh)ccc(rrr),UNIQUE
subsLongerRadicalChains4Carbons.sdf,.c(XX)ccc(XXX),.c(rh)ccc(rrr),UNIQUE
subsLongerRadicalChains4Carbons.sdf,.c(XX)ccc(XXX),.c(rr)ccc(rrr),UNIQUE
subsLongerRadicalChains5Carbons.sdf,.c(XX)cccc(XXX),.c(hh)cccc(hhh),UNIQUE
subsLongerRadicalChains5Carbons.sdf,.c(XX)cccc(XXX),.c(rh)cccc(hhh),UNIQUE
subsLongerRadicalChains5Carbons.sdf,.c(XX)cccc(XXX),.c(rr)cccc(hhh),UNIQUE
subsLongerRadicalChains5Carbons.sdf,.c(XX)cccc(XXX),.c(hh)cccc(rhh),UNIQUE
subsLongerRadicalChains5Carbons.sdf,.c(XX)cccc(XXX),.c(rh)cccc(rhh),UNIQUE
subsLongerRadicalChains5Carbons.sdf,.c(XX)cccc(XXX),.c(rr)cccc(rhh),UNIQUE
subsLongerRadicalChains5Carbons.sdf,.c(XX)cccc(XXX),.c(hh)cccc(rrh),UNIQUE
subsLongerRadicalChains5Carbons.sdf,.c(XX)cccc(XXX),.c(rh)cccc(rrh),UNIQUE
subsLongerRadicalChains5Carbons.sdf,.c(XX)cccc(XXX),.c(rr)cccc(rrh),UNIQUE
subsLongerRadicalChains5Carbons.sdf,.c(XX)cccc(XXX),.c(hh)cccc(rrr),UNIQUE
subsLongerRadicalChains5Carbons.sdf,.c(XX)cccc(XXX),.c(rh)cccc(rrr),UNIQUE
subsLongerRadicalChains5Carbons.sdf,.c(XX)cccc(XXX),.c(rr)cccc(rrr),UNIQUE
subsLongerRadicalChains6Carbons.sdf,.c(XX)ccccc(XXX),.c(hh)ccccc(hhh),UNIQUE
subsLongerRadicalChains6Carbons.sdf,.c(XX)ccccc(XXX),.c(rh)ccccc(hhh),UNIQUE
subsLongerRadicalChains6Carbons.sdf,.c(XX)ccccc(XXX),.c(rr)ccccc(hhh),UNIQUE
subsLongerRadicalChains6Carbons.sdf,.c(XX)ccccc(XXX),.c(hh)ccccc(rhh),UNIQUE
subsLongerRadicalChains6Carbons.sdf,.c(XX)ccccc(XXX),.c(rh)ccccc(rhh),UNIQUE
subsLongerRadicalChains6Carbons.sdf,.c(XX)ccccc(XXX),.c(rr)ccccc(rhh),UNIQUE
subsLongerRadicalChains6Carbons.sdf,.c(XX)ccccc(XXX),.c(hh)ccccc(rrh),UNIQUE
subsLongerRadicalChains6Carbons.sdf,.c(XX)ccccc(XXX),.c(rh)ccccc(rrh),UNIQUE
subsLongerRadicalChains6Carbons.sdf,.c(XX)ccccc(XXX),.c(rr)ccccc(rrh),UNIQUE
subsLongerRadicalChains6Carbons.sdf,.c(XX)ccccc(XXX),.c(hh)ccccc(rrr),UNIQUE
subsLongerRadicalChains6Carbons.sdf,.c(XX)ccccc(XXX),.c(rh)ccccc(rrr),UNIQUE
subsLongerRadicalChains6Carbons.sdf,.c(XX)ccccc(XXX),.c(rr)ccccc(rrr),UNIQUE
subsAldKetone.sdf,.c(XX)coc(XXX),.c(hh)coc(hhh),UNIQUE
subsAldKetone.sdf,.c(XX)coc(XXX),.c(rh)coc(hhh),UNIQUE
subsAldKetone.sdf,.c(XX)coc(XXX),.c(rr)coc(hhh),UNIQUE
subsAldKetone.sdf,.c(XX)coc(XXX),.c(hh)coc(rhh),UNIQUE
subsAldKetone.sdf,.c(XX)coc(XXX),.c(rh)coc(rhh),UNIQUE
subsAldKetone.sdf,.c(XX)coc(XXX),.c(rr)coc(rhh),UNIQUE
subsAldKetone.sdf,.c(XX)coc(XXX),.c(hh)coc(rrh),UNIQUE
subsAldKetone.sdf,.c(XX)coc(XXX),.c(rh)coc(rrh),UNIQUE
subsAldKetone.sdf,.c(XX)coc(XXX),.c(rr)coc(rrh),UNIQUE
subsAldKetone.sdf,.c(XX)coc(XXX),.c(hh)coc(rrr),UNIQUE
subsAldKetone.sdf,.c(XX)coc(XXX),.c(rh)coc(rrr),UNIQUE
subsAldKetone.sdf,.c(XX)coc(XXX),.c(rr)coc(rrr),UNIQUE
subsPeroxy.sdf,.ccc(X)(X)(ooh),.ccc(h)(h)(ooh),UNIQUE
subsPeroxy.sdf,.ccc(X)(X)(ooh),.ccc(r)(h)(ooh),UNIQUE
subsPeroxy.sdf,.ccc(X)(X)(ooh),.ccc(r)(r)(ooh),UNIQUE
subsChainPeroxy.sdf,.cccc(ooh)(X),.cccc(ooh)(h),UNIQUE
subsLongerRadicalChains.sdf,.cccc(X),.cccc(h),UNIQUE
subsChainPeroxy.sdf,.ccccc(ooh)(X),.ccccc(ooh)(h),UNIQUE
subsLongerRadicalChains.sdf,.ccccc(X),.ccccc(h),UNIQUE
subsChainPeroxy.sdf,.cccccc(ooh)(X),.cccccc(ooh)(h),UNIQUE
subsLongerRadicalChains.sdf,.cccccc(X),.cccccc(h),UNIQUE
subsChainPeroxy.sdf,.ccccccc(ooh)(X),.ccccccc(ooh)(h),UNIQUE
subsLongerRadicalChains.sdf,.ccccccc(X),.ccccccc(h),UNIQUE
subsAldKetone2.sdf,.ccccco(X),.ccccco(h),UNIQUE
subsAldKetone2.sdf,.ccccco(X),.ccccco(r),UNIQUE
subsAldKetone2.sdf,.cccco(X),.cccco(h),UNIQUE
subsAldKetone2.sdf,.cccco(X),.cccco(r),UNIQUE
subsAldKetone2.sdf,.ccco(X),.ccco(h),UNIQUE
subsAldKetone2.sdf,.ccco(X),.ccco(r),UNIQUE
subsAldKetone2.sdf,.cco(X),.cco(h),UNIQUE
subsAldKetone2.sdf,.cco(X),.cco(r),UNIQUE
subsAlkoxyRadical.sdf,.oc(QQQ),.oc(qqq),Q-CLASS
subsAlkoxyRadical.sdf,.oc(XXX),.oc(hhh),UNIQUE
subsAlkoxyRadical.sdf,.oc(XXX),.oc(rhh),UNIQUE
subsAlkoxyRadical.sdf,.oc(XXX),.oc(rrh),UNIQUE
subsAlkoxyRadical.sdf,.oc(XXX),.oc(rrr),UNIQUE
subsAlkoxyRadical2.sdf,.occ-(QQ)(QQQ),.occ-(qq)(qqq),Q-CLASS
subsAlkoxyRadical2.sdf,.occ-(XX)(XXX),.occ-(hh)(hhh),UNIQUE
subsAlkoxyRadical2.sdf,.occ-(XX)(XXX),.occ-(rh)(hhh),UNIQUE
subsAlkoxyRadical2.sdf,.occ-(XX)(XXX),.occ-(rr)(hhh),UNIQUE
subsAlkoxyRadical2.sdf,.occ-(XX)(XXX),.occ-(hh)(rhh),UNIQUE
subsAlkoxyRadical2.sdf,.occ-(XX)(XXX),.occ-(rh)(rhh),UNIQUE
subsAlkoxyRadical2.sdf,.occ-(XX)(XXX),.occ-(rr)(rhh),UNIQUE
subsAlkoxyRadical2.sdf,.occ-(XX)(XXX),.occ-(hh)(rrh),UNIQUE
subsAlkoxyRadical2.sdf,.occ-(XX)(XXX),.occ-(rh)(rrh),UNIQUE
subsAlkoxyRadical2.sdf,.occ-(XX)(XXX),.occ-(rr)(rrh),UNIQUE
subsAlkoxyRadical2.sdf,.occ-(XX)(XXX),.occ-(hh)(rrr),UNIQUE
subsAlkoxyRadical2.sdf,.occ-(XX)(XXX),.occ-(rh)(rrr),UNIQUE
subsAlkoxyRadical2.sdf,.occ-(XX)(XXX),.occ-(rr)(rrr),UNIQUE
subsAlkoxy.sdf,.occcc,.occcc,UNIQUE
subsAlphaOlefin.sdf,alphaolefin,alphaolefin,UNIQUE
subsAlphaOlefin.sdf,alphaolefin-(QQ)(Q)(XXX),alphaolefin-(qq)(q)(hhh),Q-CLASS
subsAlphaOlefin.sdf,alphaolefin-(QQ)(Q)(XXX),alphaolefin-(qq)(q)(rhh),Q-CLASS
subsAlphaOlefin.sdf,alphaolefin-(QQ)(Q)(XXX),alphaolefin-(qq)(q)(rrh),Q-CLASS
subsAlphaOlefin.sdf,alphaolefin-(QQ)(Q)(XXX),alphaolefin-(qq)(q)(rrr),Q-CLASS
subsAlphaOlefin.sdf,alphaolefin-radical,alphaolefin-radical,UNIQUE
subsAlphaOlefin.sdf,alphaolefin-radical(QQ)(Q)(XX),alphaolefin-radical(qq)(q)(hh),Q-CLASS
subsAlphaOlefin.sdf,alphaolefin-radical(QQ)(Q)(XX),alphaolefin-radical(qq)(q)(rh),Q-CLASS
subsAlphaOlefin.sdf,alphaolefin-radical(QQ)(Q)(XX),alphaolefin-radical(qq)(q)(rr),Q-CLASS
subsAlphaOlefin3.sdf,alphaolefin-radical(X)(X)(XXX),alphaolefin-radical(h)(h)(hhh),UNIQUE
subsAlphaOlefin3.sdf,alphaolefin-radical(X)(X)(XXX),alphaolefin-radical(r)(h)(hhh),UNIQUE
subsAlphaOlefin3.sdf,alphaolefin-radical(X)(X)(XXX),alphaolefin-radical(h)(r)(hhh),UNIQUE
subsAlphaOlefin3.sdf,alphaolefin-radical(X)(X)(XXX),alphaolefin-radical(r)(r)(hhh),UNIQUE
subsAlphaOlefin3.sdf,alphaolefin-radical(X)(X)(XXX),alphaolefin-radical(h)(h)(rhh),UNIQUE
subsAlphaOlefin3.sdf,alphaolefin-radical(X)(X)(XXX),alphaolefin-radical(r)(h)(rhh),UNIQUE
subsAlphaOlefin3.sdf,alphaolefin-radical(X)(X)(XXX),alphaolefin-radical(h)(r)(rhh),UNIQUE
subsAlphaOlefin3.sdf,alphaolefin-radical(X)(X)(XXX),alphaolefin-radical(r)(r)(rhh),UNIQUE
subsAlphaOlefin3.sdf,alphaolefin-radical(X)(X)(XXX),alphaolefin-radical(h)(h)(rrh),UNIQUE
subsAlphaOlefin3.sdf,alphaolefin-radical(X)(X)(XXX),alphaolefin-radical(r)(h)(rrh),UNIQUE
subsAlphaOlefin3.sdf,alphaolefin-radical(X)(X)(XXX),alphaolefin-radical(h)(r)(rrh),UNIQUE
subsAlphaOlefin3.sdf,alphaolefin-radical(X)(X)(XXX),alphaolefin-radical(r)(r)(rrh),UNIQUE
subsAlphaOlefin2.sdf,alphaolefin-radical(XX)(X)(XX),alphaolefin-radical(hh)(h)(hh),UNIQUE
subsAlphaOlefin2.sdf,alphaolefin-radical(XX)(X)(XX),alphaolefin-radical(rh)(h)(hh),UNIQUE
subsAlphaOlefin2.sdf,alphaolefin-radical(XX)(X)(XX),alphaolefin-radical(rr)(h)(hh),UNIQUE
subsAlphaOlefin2.sdf,alphaolefin-radical(XX)(X)(XX),alphaolefin-radical(hh)(r)(hh),UNIQUE
subsAlphaOlefin2.sdf,alphaolefin-radical(XX)(X)(XX),alphaolefin-radical(rh)(r)(hh),UNIQUE
subsAlphaOlefin2.sdf,alphaolefin-radical(XX)(X)(XX),alphaolefin-radical(rr)(r)(hh),UNIQUE
subsAlphaOlefin2.sdf,alphaolefin-radical(XX)(X)(XX),alphaolefin-radical(hh)(h)(rh),UNIQUE
subsAlphaOlefin2.sdf,alphaolefin-radical(XX)(X)(XX),alphaolefin-radical(rh)(h)(rh),UNIQUE
subsAlphaOlefin2.sdf,alphaolefin-radical(XX)(X)(XX),alphaolefin-radical(rr)(h)(rh),UNIQUE
subsAlphaOlefin2.sdf,alphaolefin-radical(XX)(X)(XX),alphaolefin-radical(hh)(r)(rh),UNIQUE
subsAlphaOlefin2.sdf,alphaolefin-radical(XX)(X)(XX),alphaolefin-radical(rh)(r)(rh),UNIQUE
subsAlphaOlefin2.sdf,alphaolefin-radical(XX)(X)(XX),alphaolefin-radical(rr)(r)(rh),UNIQUE
subsAlphaOlefin2.sdf,alphaolefin-radical(XX)(X)(XX),alphaolefin-radical(hh)(h)(rr),UNIQUE
subsAlphaOlefin2.sdf,alphaolefin-radical(XX)(X)(XX),alphaolefin-radical(rh)(h)(rr),UNIQUE
subsAlphaOlefin2.sdf,alphaolefin-radical(XX)(X)(XX),alphaolefin-radical(rr)(h)(rr),UNIQUE
subsAlphaOlefin2.sdf,alphaolefin-radical(XX)(X)(XX),alphaolefin-radical(hh)(r)(rr),UNIQUE
subsAlphaOlefin2.sdf,alphaolefin-radical(XX)(X)(XX),alphaolefin-radical(rh)(r)(rr),UNIQUE
subsAlphaOlefin2.sdf,alphaolefin-radical(XX)(X)(XX),alphaolefin-radical(rr)(r)(rr),UNIQUE
subsAlphaOlefinOO.sdf,alphaolefinOO-radical,alphaolefinOO-radical,UNIQUE
subsAlphaOlefinOO.sdf,alphaolefinOO-radical(QQ)(Q)(XX),alphaolefinOO-radical(qq)(q)(hh),Q-CLASS
subsAlphaOlefinOO.sdf,alphaolefinOO-radical(QQ)(Q)(XX),alphaolefinOO-radical(qq)(q)(rh),Q-CLASS
subsAlphaOlefinOO.sdf,alphaolefinOO-radical(QQ)(Q)(XX),alphaolefinOO-radical(qq)(q)(rr),Q-CLASS
subsBetaAldRadButene.sdf,betaaldradolefin(QQ)(Q)(XX),betaaldradolefin(qq)(q)(hh),Q-CLASS
subsBetaAldRadButene.sdf,betaaldradolefin(QQ)(Q)(XX),betaaldradolefin(qq)(q)(rh),Q-CLASS
subsBetaAldRadButene.sdf,betaaldradolefin(QQ)(Q)(XX),betaaldradolefin(qq)(q)(rr),Q-CLASS
subsBetaOlefin.sdf,betaolefin,betaolefin,UNIQUE
subsBetaOlefin.sdf,betaolefin(QQ)(Q)(XX)(XXX),betaolefin(qq)(q)(hh)(hhh),Q-CLASS
subsBetaOlefin.sdf,betaolefin(QQ)(Q)(XX)(XXX),betaolefin(qq)(q)(rh)(hhh),Q-CLASS
subsBetaOlefin.sdf,betaolefin(QQ)(Q)(XX)(XXX),betaolefin(qq)(q)(rr)(hhh),Q-CLASS
subsBetaOlefin.sdf,betaolefin(QQ)(Q)(XX)(XXX),betaolefin(qq)(q)(hh)(rhh),Q-CLASS
subsBetaOlefin.sdf,betaolefin(QQ)(Q)(XX)(XXX),betaolefin(qq)(q)(rh)(rhh),Q-CLASS
subsBetaOlefin.sdf,betaolefin(QQ)(Q)(XX)(XXX),betaolefin(qq)(q)(rr)(rhh),Q-CLASS
subsBetaOlefin.sdf,betaolefin(QQ)(Q)(XX)(XXX),betaolefin(qq)(q)(hh)(rrh),Q-CLASS
subsBetaOlefin.sdf,betaolefin(QQ)(Q)(XX)(XXX),betaolefin(qq)(q)(rh)(rrh),Q-CLASS
subsBetaOlefin.sdf,betaolefin(QQ)(Q)(XX)(XXX),betaolefin(qq)(q)(rr)(rrh),Q-CLASS
subsBetaOlefin.sdf,betaolefin(QQ)(Q)(XX)(XXX),betaolefin(qq)(q)(hh)(rrr),Q-CLASS
subsBetaOlefin.sdf,betaolefin(QQ)(Q)(XX)(XXX),betaolefin(qq)(q)(rh)(rrr),Q-CLASS
subsBetaOlefin.sdf,betaolefin(QQ)(Q)(XX)(XXX),betaolefin(qq)(q)(rr)(rrr),Q-CLASS
subsBetaOlefinRadical.sdf,betaolefinrad(QQ)(Q)(XX)(XX),betaolefinrad(qq)(q)(hh)(hh),Q-CLASS
subsBetaOlefinRadical.sdf,betaolefinrad(QQ)(Q)(XX)(XX),betaolefinrad(qq)(q)(rh)(hh),Q-CLASS
subsBetaOlefinRadical.sdf,betaolefinrad(QQ)(Q)(XX)(XX),betaolefinrad(qq)(q)(rr)(hh),Q-CLASS
subsBetaOlefinRadical.sdf,betaolefinrad(QQ)(Q)(XX)(XX),betaolefinrad(qq)(q)(hh)(rh),Q-CLASS
subsBetaOlefinRadical.sdf,betaolefinrad(QQ)(Q)(XX)(XX),betaolefinrad(qq)(q)(rh)(rh),Q-CLASS
subsBetaOlefinRadical.sdf,betaolefinrad(QQ)(Q)(XX)(XX),betaolefinrad(qq)(q)(rr)(rh),Q-CLASS
subsBetaOlefinRadical.sdf,betaolefinrad(QQ)(Q)(XX)(XX),betaolefinrad(qq)(q)(hh)(rr),Q-CLASS
subsBetaOlefinRadical.sdf,betaolefinrad(QQ)(Q)(XX)(XX),betaolefinrad(qq)(q)(rh)(rr),Q-CLASS
subsBetaOlefinRadical.sdf,betaolefinrad(QQ)(Q)(XX)(XX),betaolefinrad(qq)(q)(rr)(rr),Q-CLASS
subsBetaOlefinRadical.sdf,betaolefinradical,betaolefinradical,DUPLICATE
subsBetaPeroxyButene.sdf,betaolefinradical,betaolefinradical,DUPLICATE
subsBetaPeroxyButene.sdf,betaperoxyolefin(QQ)(Q)(XX)(XX),betaperoxyolefin(qq)(q)(hh)(hh),Q-CLASS
subsBetaPeroxyButene.sdf,betaperoxyolefin(QQ)(Q)(XX)(XX),betaperoxyolefin(qq)(q)(rh)(hh),Q-CLASS
subsBetaPeroxyButene.sdf,betaperoxyolefin(QQ)(Q)(XX)(XX),betaperoxyolefin(qq)(q)(rr)(hh),Q-CLASS
subsBetaPeroxyButene.sdf,betaperoxyolefin(QQ)(Q)(XX)(XX),betaperoxyolefin(qq)(q)(hh)(rh),Q-CLASS
subsBetaPeroxyButene.sdf,betaperoxyolefin(QQ)(Q)(XX)(XX),betaperoxyolefin(qq)(q)(rh)(rh),Q-CLASS
subsBetaPeroxyButene.sdf,betaperoxyolefin(QQ)(Q)(XX)(XX),betaperoxyolefin(qq)(q)(rr)(rh),Q-CLASS
subsBetaPeroxyButene.sdf,betaperoxyolefin(QQ)(Q)(XX)(XX),betaperoxyolefin(qq)(q)(hh)(rr),Q-CLASS
subsBetaPeroxyButene.sdf,betaperoxyolefin(QQ)(Q)(XX)(XX),betaperoxyolefin(qq)(q)(rh)(rr),Q-CLASS
subsBetaPeroxyButene.sdf,betaperoxyolefin(QQ)(Q)(XX)(XX),betaperoxyolefin(qq)(q)(rr)(rr),Q-CLASS
subsAlkene2.sdf,butene,butene,UNIQUE
subsPeroxy.sdf,c(Q)(Q)(Q)(o.),c(q)(q)(q)(o.),Q-CLASS
subsPeroxy.sdf,c(Q)(Q)(X)(coo.),c(q)(q)(h)(coo.),Q-CLASS
subsAldKetone5.sdf,c(QQ)c(Q)co,c(qq)c(q)co,Q-CLASS
subsKetoAlkene2.sdf,c(QQ)c(Q)coc(XX)c(XX),c(qq)c(q)coc(hh)c(hh),Q-CLASS
subsKetoAlkene2.sdf,c(QQ)c(Q)coc(XX)c(XX),c(qq)c(q)coc(rh)c(hh),Q-CLASS
subsKetoAlkene2.sdf,c(QQ)c(Q)coc(XX)c(XX),c(qq)c(q)coc(rr)c(hh),Q-CLASS
subsKetoAlkene2.sdf,c(QQ)c(Q)coc(XX)c(XX),c(qq)c(q)coc(hh)c(rh),Q-CLASS
subsKetoAlkene2.sdf,c(QQ)c(Q)coc(XX)c(XX),c(qq)c(q)coc(rh)c(rh),Q-CLASS
subsKetoAlkene2.sdf,c(QQ)c(Q)coc(XX)c(XX),c(qq)c(q)coc(rr)c(rh),Q-CLASS
subsKetoAlkene2.sdf,c(QQ)c(Q)coc(XX)c(XX),c(qq)c(q)coc(hh)c(rr),Q-CLASS
subsKetoAlkene2.sdf,c(QQ)c(Q)coc(XX)c(XX),c(qq)c(q)coc(rh)c(rr),Q-CLASS
subsKetoAlkene2.sdf,c(QQ)c(Q)coc(XX)c(XX),c(qq)c(q)coc(rr)c(rr),Q-CLASS
subsAldKetone5.sdf,c(QQQ).c(o),c(qqq).c(o),Q-CLASS
subsAlkene3.sdf,c(QQQ)coc(Q)c(QQ),c(qqq)coc(q)c(qq),Q-CLASS
subsAldKetone9.sdf,c(QQQ)coc(X)c(XX),c(qqq)coc(h)c(hh),DUPLICATE (Q-CLASS)
subsAldKetone9.sdf,c(QQQ)coc(X)c(XX),c(qqq)coc(r)c(hh),DUPLICATE (Q-CLASS)
subsAldKetone9.sdf,c(QQQ)coc(X)c(XX),c(qqq)coc(h)c(rh),DUPLICATE (Q-CLASS)
subsAldKetone9.sdf,c(QQQ)coc(X)c(XX),c(qqq)coc(r)c(rh),DUPLICATE (Q-CLASS)
subsAldKetone9.sdf,c(QQQ)coc(X)c(XX),c(qqq)coc(h)c(rr),DUPLICATE (Q-CLASS)
subsAldKetone9.sdf,c(QQQ)coc(X)c(XX),c(qqq)coc(r)c(rr),DUPLICATE (Q-CLASS)
subsKetoAlkene.sdf,c(QQQ)coc(X)c(XX),c(qqq)coc(h)c(hh),DUPLICATE (Q-CLASS)
subsKetoAlkene.sdf,c(QQQ)coc(X)c(XX),c(qqq)coc(r)c(hh),DUPLICATE (Q-CLASS)
subsKetoAlkene.sdf,c(QQQ)coc(X)c(XX),c(qqq)coc(h)c(rh),DUPLICATE (Q-CLASS)
subsKetoAlkene.sdf,c(QQQ)coc(X)c(XX),c(qqq)coc(r)c(rh),DUPLICATE (Q-CLASS)
subsKetoAlkene.sdf,c(QQQ)coc(X)c(XX),c(qqq)coc(h)c(rr),DUPLICATE (Q-CLASS)
subsKetoAlkene.sdf,c(QQQ)coc(X)c(XX),c(qqq)coc(r)c(rr),DUPLICATE (Q-CLASS)
subsAldKetone3.sdf,c(QQQ)coc(X)c(XX)c(XXX),c(qqq)coc(h)c(hh)c(hhh),Q-CLASS
subsAldKetone3.sdf,c(QQQ)coc(X)c(XX)c(XXX),c(qqq)coc(r)c(hh)c(hhh),Q-CLASS
subsAldKetone3.sdf,c(QQQ)coc(X)c(XX)c(XXX),c(qqq)coc(h)c(rh)c(hhh),Q-CLASS
subsAldKetone3.sdf,c(QQQ)coc(X)c(XX)c(XXX),c(qqq)coc(r)c(rh)c(hhh),Q-CLASS
subsAldKetone3.sdf,c(QQQ)coc(X)c(XX)c(XXX),c(qqq)coc(h)c(rr)c(hhh),Q-CLASS
subsAldKetone3.sdf,c(QQQ)coc(X)c(XX)c(XXX),c(qqq)coc(r)c(rr)c(hhh),Q-CLASS
subsAldKetone3.sdf,c(QQQ)coc(X)c(XX)c(XXX),c(qqq)coc(h)c(hh)c(rhh),Q-CLASS
subsAldKetone3.sdf,c(QQQ)coc(X)c(XX)c(XXX),c(qqq)coc(r)c(hh)c(rhh),Q-CLASS
subsAldKetone3.sdf,c(QQQ)coc(X)c(XX)c(XXX),c(qqq)coc(h)c(rh)c(rhh),Q-CLASS
subsAldKetone3.sdf,c(QQQ)coc(X)c(XX)c(XXX),c(qqq)coc(r)c(rh)c(rhh),Q-CLASS
subsAldKetone3.sdf,c(QQQ)coc(X)c(XX)c(XXX),c(qqq)coc(h)c(rr)c(rhh),Q-CLASS
subsAldKetone3.sdf,c(QQQ)coc(X)c(XX)c(XXX),c(qqq)coc(r)c(rr)c(rhh),Q-CLASS
subsAldKetone3.sdf,c(QQQ)coc(X)c(XX)c(XXX),c(qqq)coc(h)c(hh)c(rrh),Q-CLASS
subsAldKetone3.sdf,c(QQQ)coc(X)c(XX)c(XXX),c(qqq)coc(r)c(hh)c(rrh),Q-CLASS
subsAldKetone3.sdf,c(QQQ)coc(X)c(XX)c(XXX),c(qqq)coc(h)c(rh)c(rrh),Q-CLASS
subsAldKetone3.sdf,c(QQQ)coc(X)c(XX)c(XXX),c(qqq)coc(r)c(rh)c(rrh),Q-CLASS
subsAldKetone3.sdf,c(QQQ)coc(X)c(XX)c(XXX),c(qqq)coc(h)c(rr)c(rrh),Q-CLASS
subsAldKetone3.sdf,c(QQQ)coc(X)c(XX)c(XXX),c(qqq)coc(r)c(rr)c(rrh),Q-CLASS
subsAldKetone3.sdf,c(QQQ)coc(X)c(XX)c(XXX),c(qqq)coc(h)c(hh)c(rrr),Q-CLASS
subsAldKetone3.sdf,c(QQQ)coc(X)c(XX)c(XXX),c(qqq)coc(r)c(hh)c(rrr),Q-CLASS
subsAldKetone3.sdf,c(QQQ)coc(X)c(XX)c(XXX),c(qqq)coc(h)c(rh)c(rrr),Q-CLASS
subsAldKetone3.sdf,c(QQQ)coc(X)c(XX)c(XXX),c(qqq)coc(r)c(rh)c(rrr),Q-CLASS
subsAldKetone3.sdf,c(QQQ)coc(X)c(XX)c(XXX),c(qqq)coc(h)c(rr)c(rrr),Q-CLASS
subsAldKetone3.sdf,c(QQQ)coc(X)c(XX)c(XXX),c(qqq)coc(r)c(rr)c(rrr),Q-CLASS
subsAldKetone7.sdf,c(QQQ)coc(XX),c(qqq)coc(hh),Q-CLASS
subsAldKetone7.sdf,c(QQQ)coc(XX),c(qqq)coc(rh),Q-CLASS
subsAldKetone7.sdf,c(QQQ)coc(XX),c(qqq)coc(rr),Q-CLASS
subsAldKetone4.sdf,c(QQQ)coc(XX)c(XX),c(qqq)coc(hh)c(hh),Q-CLASS
subsAldKetone4.sdf,c(QQQ)coc(XX)c(XX),c(qqq)coc(rh)c(hh),Q-CLASS
subsAldKetone4.sdf,c(QQQ)coc(XX)c(XX),c(qqq)coc(rr)c(hh),Q-CLASS
subsAldKetone4.sdf,c(QQQ)coc(XX)c(XX),c(qqq)coc(hh)c(rh),Q-CLASS
subsAldKetone4.sdf,c(QQQ)coc(XX)c(XX),c(qqq)coc(rh)c(rh),Q-CLASS
subsAldKetone4.sdf,c(QQQ)coc(XX)c(XX),c(qqq)coc(rr)c(rh),Q-CLASS
subsAldKetone4.sdf,c(QQQ)coc(XX)c(XX),c(qqq)coc(hh)c(rr),Q-CLASS
subsAldKetone4.sdf,c(QQQ)coc(XX)c(XX),c(qqq)coc(rh)c(rr),Q-CLASS
subsAldKetone4.sdf,c(QQQ)coc(XX)c(XX),c(qqq)coc(rr)c(rr),Q-CLASS
subsAldKetone6.sdf,c(QQQ)coc(XX)c(XX)c(XX),c(qqq)coc(hh)c(hh)c(hh),Q-CLASS
subsAldKetone6.sdf,c(QQQ)coc(XX)c(XX)c(XX),c(qqq)coc(rh)c(hh)c(hh),Q-CLASS
subsAldKetone6.sdf,c(QQQ)coc(XX)c(XX)c(XX),c(qqq)coc(rr)c(hh)c(hh),Q-CLASS
subsAldKetone6.sdf,c(QQQ)coc(XX)c(XX)c(XX),c(qqq)coc(hh)c(rh)c(hh),Q-CLASS
subsAldKetone6.sdf,c(QQQ)coc(XX)c(XX)c(XX),c(qqq)coc(rh)c(rh)c(hh),Q-CLASS
subsAldKetone6.sdf,c(QQQ)coc(XX)c(XX)c(XX),c(qqq)coc(rr)c(rh)c(hh),Q-CLASS
subsAldKetone6.sdf,c(QQQ)coc(XX)c(XX)c(XX),c(qqq)coc(hh)c(rr)c(hh),Q-CLASS
subsAldKetone6.sdf,c(QQQ)coc(XX)c(XX)c(XX),c(qqq)coc(rh)c(rr)c(hh),Q-CLASS
subsAldKetone6.sdf,c(QQQ)coc(XX)c(XX)c(XX),c(qqq)coc(rr)c(rr)c(hh),Q-CLASS
subsAldKetone6.sdf,c(QQQ)coc(XX)c(XX)c(XX),c(qqq)coc(hh)c(hh)c(rh),Q-CLASS
subsAldKetone6.sdf,c(QQQ)coc(XX)c(XX)c(XX),c(qqq)coc(rh)c(hh)c(rh),Q-CLASS
subsAldKetone6.sdf,c(QQQ)coc(XX)c(XX)c(XX),c(qqq)coc(rr)c(hh)c(rh),Q-CLASS
subsAldKetone6.sdf,c(QQQ)coc(XX)c(XX)c(XX),c(qqq)coc(hh)c(rh)c(rh),Q-CLASS
subsAldKetone6.sdf,c(QQQ)coc(XX)c(XX)c(XX),c(qqq)coc(rh)c(rh)c(rh),Q-CLASS
subsAldKetone6.sdf,c(QQQ)coc(XX)c(XX)c(XX),c(qqq)coc(rr)c(rh)c(rh),Q-CLASS
subsAldKetone6.sdf,c(QQQ)coc(XX)c(XX)c(XX),c(qqq)coc(hh)c(rr)c(rh),Q-CLASS
subsAldKetone6.sdf,c(QQQ)coc(XX)c(XX)c(XX),c(qqq)coc(rh)c(rr)c(rh),Q-CLASS
subsAldKetone6.sdf,c(QQQ)coc(XX)c(XX)c(XX),c(qqq)coc(rr)c(rr)c(rh),Q-CLASS
subsAldKetone6.sdf,c(QQQ)coc(XX)c(XX)c(XX),c(qqq)coc(hh)c(hh)c(rr),Q-CLASS
subsAldKetone6.sdf,c(QQQ)coc(XX)c(XX)c(XX),c(qqq)coc(rh)c(hh)c(rr),Q-CLASS
subsAldKetone6.sdf,c(QQQ)coc(XX)c(XX)c(XX),c(qqq)coc(rr)c(hh)c(rr),Q-CLASS
subsAldKetone6.sdf,c(QQQ)coc(XX)c(XX)c(XX),c(qqq)coc(hh)c(rh)c(rr),Q-CLASS
subsAldKetone6.sdf,c(QQQ)coc(XX)c(XX)c(XX),c(qqq)coc(rh)c(rh)c(rr),Q-CLASS
subsAldKetone6.sdf,c(QQQ)coc(XX)c(XX)c(XX),c(qqq)coc(rr)c(rh)c(rr),Q-CLASS
subsAldKetone6.sdf,c(QQQ)coc(XX)c(XX)c(XX),c(qqq)coc(hh)c(rr)c(rr),Q-CLASS
subsAldKetone6.sdf,c(QQQ)coc(XX)c(XX)c(XX),c(qqq)coc(rh)c(rr)c(rr),Q-CLASS
subsAldKetone6.sdf,c(QQQ)coc(XX)c(XX)c(XX),c(qqq)coc(rr)c(rr)c(rr),Q-CLASS
subsPeroxy.sdf,c(X)(Q)(Q)(cccoo.),c(h)(q)(q)(cccoo.),Q-CLASS
subsPeroxy.sdf,c(X)(Q)(Q)(ccoo.),c(h)(q)(q)(ccoo.),Q-CLASS
subsDiPeroxy.sdf,c(X)(X)(ccoo.)(ooh),c(h)(h)(ccoo.)(ooh),UNIQUE
subsDiPeroxy.sdf,c(X)(X)(ccoo.)(ooh),c(h)(r)(ccoo.)(ooh),UNIQUE
subsDiPeroxy.sdf,c(X)(X)(coo.)(ooh),c(h)(h)(coo.)(ooh),UNIQUE
subsDiPeroxy.sdf,c(X)(X)(coo.)(ooh),c(h)(r)(coo.)(ooh),UNIQUE
subsPeroxy2.sdf,c(X)(X)(X)(ccccoo.),c(h)(h)(h)(ccccoo.),UNIQUE
subsPeroxy2.sdf,c(X)(X)(X)(ccccoo.),c(r)(h)(h)(ccccoo.),UNIQUE
subsPeroxy2.sdf,c(X)(X)(X)(ccccoo.),c(r)(r)(h)(ccccoo.),UNIQUE
subsPeroxy2.sdf,c(X)(X)(X)(ccccoo.),c(h)(h)(r)(ccccoo.),UNIQUE
subsPeroxy2.sdf,c(X)(X)(X)(ccccoo.),c(r)(h)(r)(ccccoo.),UNIQUE
subsPeroxy2.sdf,c(X)(X)(X)(ccccoo.),c(r)(r)(r)(ccccoo.),UNIQUE
subsPeroxy2.sdf,c(X)(X)(X)(cccoo.),c(h)(h)(h)(cccoo.),UNIQUE
subsPeroxy2.sdf,c(X)(X)(X)(cccoo.),c(r)(h)(h)(cccoo.),UNIQUE
subsPeroxy2.sdf,c(X)(X)(X)(cccoo.),c(r)(r)(h)(cccoo.),UNIQUE
subsPeroxy2.sdf,c(X)(X)(X)(cccoo.),c(h)(h)(r)(cccoo.),UNIQUE
subsPeroxy2.sdf,c(X)(X)(X)(cccoo.),c(r)(h)(r)(cccoo.),UNIQUE
subsPeroxy2.sdf,c(X)(X)(X)(cccoo.),c(r)(r)(r)(cccoo.),UNIQUE
subsPeroxy2.sdf,c(X)(X)(X)(ccoo.),c(h)(h)(h)(ccoo.),UNIQUE
subsPeroxy2.sdf,c(X)(X)(X)(ccoo.),c(r)(h)(h)(ccoo.),UNIQUE
subsPeroxy2.sdf,c(X)(X)(X)(ccoo.),c(r)(r)(h)(ccoo.),UNIQUE
subsPeroxy2.sdf,c(X)(X)(X)(ccoo.),c(h)(h)(r)(ccoo.),UNIQUE
subsPeroxy2.sdf,c(X)(X)(X)(ccoo.),c(r)(h)(r)(ccoo.),UNIQUE
subsPeroxy2.sdf,c(X)(X)(X)(ccoo.),c(r)(r)(r)(ccoo.),UNIQUE
subsPeroxy2.sdf,c(X)(X)(X)(coo.),c(h)(h)(h)(coo.),UNIQUE
subsPeroxy2.sdf,c(X)(X)(X)(coo.),c(r)(h)(h)(coo.),UNIQUE
subsPeroxy2.sdf,c(X)(X)(X)(coo.),c(r)(r)(h)(coo.),UNIQUE
subsPeroxy2.sdf,c(X)(X)(X)(coo.),c(h)(h)(r)(coo.),UNIQUE
subsPeroxy2.sdf,c(X)(X)(X)(coo.),c(r)(h)(r)(coo.),UNIQUE
subsPeroxy2.sdf,c(X)(X)(X)(coo.),c(r)(r)(r)(coo.),UNIQUE
subsPeroxy.sdf,c(X)(X)(X)(o.),c(h)(h)(h)(o.),UNIQUE
subsPeroxy.sdf,c(X)(X)(X)(o.),c(r)(h)(h)(o.),UNIQUE
subsPeroxy.sdf,c(X)(X)(X)(o.),c(r)(r)(h)(o.),UNIQUE
subsPeroxy.sdf,c(X)(X)(X)(o.),c(r)(r)(r)(o.),UNIQUE
subsMethylAlcohol.sdf,c(X)(X)(X)(oh),c(h)(h)(h)(oh),UNIQUE
subsMethylAlcohol.sdf,c(X)(X)(X)(oh),c(r)(h)(h)(oh),UNIQUE
subsMethylAlcohol.sdf,c(X)(X)(X)(oh),c(r)(r)(h)(oh),UNIQUE
subsMethylAlcohol.sdf,c(X)(X)(X)(oh),c(r)(r)(r)(oh),UNIQUE
subsPeroxy.sdf,c(X)(X)(X)(ooh),c(h)(h)(h)(ooh),UNIQUE
subsPeroxy.sdf,c(X)(X)(X)(ooh),c(r)(h)(h)(ooh),UNIQUE
subsPeroxy.sdf,c(X)(X)(X)(ooh),c(r)(r)(h)(ooh),UNIQUE
subsPeroxy.sdf,c(X)(X)(X)(ooh),c(r)(r)(r)(ooh),UNIQUE
subsAldKetone.sdf,c(XXX).c(o),c(hhh).c(o),UNIQUE
subsAldKetone.sdf,c(XXX).c(o),c(rhh).c(o),UNIQUE
subsAldKetone.sdf,c(XXX).c(o),c(rrh).c(o),UNIQUE
subsAldKetone.sdf,c(XXX).c(o),c(rrr).c(o),UNIQUE
subsAldKetone.sdf,c(XXX)hc(o),c(hhh)hc(o),UNIQUE
subsAldKetone.sdf,c(XXX)hc(o),c(rhh)hc(o),UNIQUE
subsAldKetone.sdf,c(XXX)hc(o),c(rrh)hc(o),UNIQUE
subsAldKetone.sdf,c(XXX)hc(o),c(rrr)hc(o),UNIQUE
subsAldKetone.sdf,c(XXX)rc(o),c(hhh)rc(o),UNIQUE
subsAldKetone.sdf,c(XXX)rc(o),c(rhh)rc(o),UNIQUE
subsAldKetone.sdf,c(XXX)rc(o),c(rrh)rc(o),UNIQUE
subsAldKetone.sdf,c(XXX)rc(o),c(rrr)rc(o),UNIQUE
subsPropenylRadical2.sdf,c.=cc,c.=cc,UNIQUE
subsPeroxy.sdf,c2q5ooh,c2q5ooh,Q-CLASS
subsPropenylRadical2.sdf,c=c.c,c=c.c,UNIQUE
subsPropenylRadical2.sdf,c=cc.,c=cc.,UNIQUE
subsDiene.sdf,c=cc=c(X)(XX),c=cc=c(h)(hh),UNIQUE
subsDiene.sdf,c=cc=c(X)(XX),c=cc=c(r)(hh),UNIQUE
subsDiene.sdf,c=cc=c(X)(XX),c=cc=c(h)(rh),UNIQUE
subsDiene.sdf,c=cc=c(X)(XX),c=cc=c(r)(rh),UNIQUE
subsDiene.sdf,c=cc=c(X)(XX),c=cc=c(h)(rr),UNIQUE
subsDiene.sdf,c=cc=c(X)(XX),c=cc=c(r)(rr),UNIQUE
subsButaDiene.sdf,c=cc=c(XX)(X)(X)(XX),c=cc=c(hh)(h)(h)(hh),UNIQUE
subsButaDiene.sdf,c=cc=c(XX)(X)(X)(XX),c=cc=c(rh)(h)(h)(hh),UNIQUE
subsButaDiene.sdf,c=cc=c(XX)(X)(X)(XX),c=cc=c(rr)(h)(h)(hh),UNIQUE
subsButaDiene.sdf,c=cc=c(XX)(X)(X)(XX),c=cc=c(hh)(h)(r)(hh),UNIQUE
subsButaDiene.sdf,c=cc=c(XX)(X)(X)(XX),c=cc=c(rh)(h)(r)(hh),UNIQUE
subsButaDiene.sdf,c=cc=c(XX)(X)(X)(XX),c=cc=c(rr)(h)(r)(hh),UNIQUE
subsButaDiene.sdf,c=cc=c(XX)(X)(X)(XX),c=cc=c(rh)(r)(h)(hh),UNIQUE
subsButaDiene.sdf,c=cc=c(XX)(X)(X)(XX),c=cc=c(rr)(r)(h)(hh),UNIQUE
subsButaDiene.sdf,c=cc=c(XX)(X)(X)(XX),c=cc=c(hh)(r)(r)(hh),UNIQUE
subsButaDiene.sdf,c=cc=c(XX)(X)(X)(XX),c=cc=c(rh)(r)(r)(hh),UNIQUE
subsButaDiene.sdf,c=cc=c(XX)(X)(X)(XX),c=cc=c(rr)(r)(r)(hh),UNIQUE
subsButaDiene.sdf,c=cc=c(XX)(X)(X)(XX),c=cc=c(rh)(h)(h)(rh),UNIQUE
subsButaDiene.sdf,c=cc=c(XX)(X)(X)(XX),c=cc=c(rr)(h)(h)(rh),UNIQUE
subsButaDiene.sdf,c=cc=c(XX)(X)(X)(XX),c=cc=c(rh)(h)(r)(rh),UNIQUE
subsButaDiene.sdf,c=cc=c(XX)(X)(X)(XX),c=cc=c(rr)(h)(r)(rh),UNIQUE
subsButaDiene.sdf,c=cc=c(XX)(X)(X)(XX),c=cc=c(rr)(r)(h)(rh),UNIQUE
subsButaDiene.sdf,c=cc=c(XX)(X)(X)(XX),c=cc=c(rh)(r)(r)(rh),UNIQUE
subsButaDiene.sdf,c=cc=c(XX)(X)(X)(XX),c=cc=c(rr)(r)(r)(rh),UNIQUE
subsButaDiene.sdf,c=cc=c(XX)(X)(X)(XX),c=cc=c(rr)(h)(h)(rr),UNIQUE
subsButaDiene.sdf,c=cc=c(XX)(X)(X)(XX),c=cc=c(rr)(h)(r)(rr),UNIQUE
subsButaDiene.sdf,c=cc=c(XX)(X)(X)(XX),c=cc=c(rr)(r)(r)(rr),UNIQUE
subsTrieneRadical.sdf,c=cc=cc=c.,c=cc=cc=c.,UNIQUE
subsTrieneRadical.sdf,c=cc=cc=c.(XX)(X),c=cc=cc=c.(hh)(h),UNIQUE
subsTrieneRadical.sdf,c=cc=cc=c.(XX)(X),c=cc=cc=c.(hh)(r),UNIQUE
subsTrieneRadical.sdf,c=cc=cc=c.(XX)(X),c=cc=cc=c.(rh)(h),UNIQUE
subsTrieneRadical.sdf,c=cc=cc=c.(XX)(X),c=cc=cc=c.(rh)(r),UNIQUE
subsTrieneRadical.sdf,c=cc=cc=c.(XX)(X),c=cc=cc=c.(rr)(h),UNIQUE
subsTrieneRadical.sdf,c=cc=cc=c.(XX)(X),c=cc=cc=c.(rr)(r),UNIQUE
subsOlefinAlphaRadical.sdf,c=ccc(X)(XXX),c=ccc(h)(hhh),UNIQUE
subsOlefinAlphaRadical.sdf,c=ccc(X)(XXX),c=ccc(r)(hhh),UNIQUE
subsOlefinAlphaRadical.sdf,c=ccc(X)(XXX),c=ccc(h)(rhh),UNIQUE
subsOlefinAlphaRadical.sdf,c=ccc(X)(XXX),c=ccc(r)(rhh),UNIQUE
subsOlefinAlphaRadical.sdf,c=ccc(X)(XXX),c=ccc(h)(rrh),UNIQUE
subsOlefinAlphaRadical.sdf,c=ccc(X)(XXX),c=ccc(r)(rrh),UNIQUE
subsOlefinAlphaRadical.sdf,c=ccc(X)(XXX),c=ccc(h)(rrr),UNIQUE
subsOlefinAlphaRadical.sdf,c=ccc(X)(XXX),c=ccc(r)(rrr),UNIQUE
subsOlefinBetaRadical.sdf,c=ccc(XX)(XX),c=ccc(hh)(hh),DUPLICATE
subsOlefinBetaRadical.sdf,c=ccc(XX)(XX),c=ccc(rh)(hh),DUPLICATE
subsOlefinBetaRadical.sdf,c=ccc(XX)(XX),c=ccc(rr)(hh),DUPLICATE
subsOlefinBetaRadical.sdf,c=ccc(XX)(XX),c=ccc(rh)(hh),DUPLICATE
subsOlefinBetaRadical.sdf,c=ccc(XX)(XX),c=ccc(rh)(rh),DUPLICATE
subsOlefinBetaRadical.sdf,c=ccc(XX)(XX),c=ccc(rh)(rr),DUPLICATE
subsOlefinBetaRadical.sdf,c=ccc(XX)(XX),c=ccc(rr)(hh),DUPLICATE
subsOlefinBetaRadical.sdf,c=ccc(XX)(XX),c=ccc(rr)(rh),DUPLICATE
subsOlefinBetaRadical.sdf,c=ccc(XX)(XX),c=ccc(rr)(rr),DUPLICATE
subsOlefinGammaPeroxy.sdf,c=ccccoo(XX)(XX)(XX),c=ccccoo(hh)(hh)(hh),UNIQUE
subsOlefinGammaPeroxy.sdf,c=ccccoo(XX)(XX)(XX),c=ccccoo(rh)(hh)(hh),UNIQUE
subsOlefinGammaPeroxy.sdf,c=ccccoo(XX)(XX)(XX),c=ccccoo(rr)(hh)(hh),UNIQUE
subsOlefinGammaPeroxy.sdf,c=ccccoo(XX)(XX)(XX),c=ccccoo(hh)(rh)(hh),UNIQUE
subsOlefinGammaPeroxy.sdf,c=ccccoo(XX)(XX)(XX),c=ccccoo(rh)(rh)(hh),UNIQUE
subsOlefinGammaPeroxy.sdf,c=ccccoo(XX)(XX)(XX),c=ccccoo(rr)(rh)(hh),UNIQUE
subsOlefinGammaPeroxy.sdf,c=ccccoo(XX)(XX)(XX),c=ccccoo(hh)(rr)(hh),UNIQUE
subsOlefinGammaPeroxy.sdf,c=ccccoo(XX)(XX)(XX),c=ccccoo(rh)(rr)(hh),UNIQUE
subsOlefinGammaPeroxy.sdf,c=ccccoo(XX)(XX)(XX),c=ccccoo(rr)(rr)(hh),UNIQUE
subsOlefinGammaPeroxy.sdf,c=ccccoo(XX)(XX)(XX),c=ccccoo(hh)(hh)(rh),UNIQUE
subsOlefinGammaPeroxy.sdf,c=ccccoo(XX)(XX)(XX),c=ccccoo(rh)(hh)(rh),UNIQUE
subsOlefinGammaPeroxy.sdf,c=ccccoo(XX)(XX)(XX),c=ccccoo(rr)(hh)(rh),UNIQUE
subsOlefinGammaPeroxy.sdf,c=ccccoo(XX)(XX)(XX),c=ccccoo(hh)(rh)(rh),UNIQUE
subsOlefinGammaPeroxy.sdf,c=ccccoo(XX)(XX)(XX),c=ccccoo(rh)(rh)(rh),UNIQUE
subsOlefinGammaPeroxy.sdf,c=ccccoo(XX)(XX)(XX),c=ccccoo(rr)(rh)(rh),UNIQUE
subsOlefinGammaPeroxy.sdf,c=ccccoo(XX)(XX)(XX),c=ccccoo(hh)(rr)(rh),UNIQUE
subsOlefinGammaPeroxy.sdf,c=ccccoo(XX)(XX)(XX),c=ccccoo(rh)(rr)(rh),UNIQUE
subsOlefinGammaPeroxy.sdf,c=ccccoo(XX)(XX)(XX),c=ccccoo(rr)(rr)(rh),UNIQUE
subsOlefinGammaPeroxy.sdf,c=ccccoo(XX)(XX)(XX),c=ccccoo(hh)(hh)(rr),UNIQUE
subsOlefinGammaPeroxy.sdf,c=ccccoo(XX)(XX)(XX),c=ccccoo(rh)(hh)(rr),UNIQUE
subsOlefinGammaPeroxy.sdf,c=ccccoo(XX)(XX)(XX),c=ccccoo(rr)(hh)(rr),UNIQUE
subsOlefinGammaPeroxy.sdf,c=ccccoo(XX)(XX)(XX),c=ccccoo(hh)(rh)(rr),UNIQUE
subsOlefinGammaPeroxy.sdf,c=ccccoo(XX)(XX)(XX),c=ccccoo(rh)(rh)(rr),UNIQUE
subsOlefinGammaPeroxy.sdf,c=ccccoo(XX)(XX)(XX),c=ccccoo(rr)(rh)(rr),UNIQUE
subsOlefinGammaPeroxy.sdf,c=ccccoo(XX)(XX)(XX),c=ccccoo(hh)(rr)(rr),UNIQUE
subsOlefinGammaPeroxy.sdf,c=ccccoo(XX)(XX)(XX),c=ccccoo(rh)(rr)(rr),UNIQUE
subsOlefinGammaPeroxy.sdf,c=ccccoo(XX)(XX)(XX),c=ccccoo(rr)(rr)(rr),UNIQUE
subsOlefinGammaHydroPeroxyAlphaRad.sdf,c=ccccooh(X)(XX)(XX),c=ccccooh(h)(hh)(hh),UNIQUE
subsOlefinGammaHydroPeroxyAlphaRad.sdf,c=ccccooh(X)(XX)(XX),c=ccccooh(r)(hh)(hh),UNIQUE
subsOlefinGammaHydroPeroxyAlphaRad.sdf,c=ccccooh(X)(XX)(XX),c=ccccooh(h)(rh)(hh),UNIQUE
subsOlefinGammaHydroPeroxyAlphaRad.sdf,c=ccccooh(X)(XX)(XX),c=ccccooh(r)(rh)(hh),UNIQUE
subsOlefinGammaHydroPeroxyAlphaRad.sdf,c=ccccooh(X)(XX)(XX),c=ccccooh(h)(rr)(hh),UNIQUE
subsOlefinGammaHydroPeroxyAlphaRad.sdf,c=ccccooh(X)(XX)(XX),c=ccccooh(r)(rr)(hh),UNIQUE
subsOlefinGammaHydroPeroxyAlphaRad.sdf,c=ccccooh(X)(XX)(XX),c=ccccooh(h)(hh)(rh),UNIQUE
subsOlefinGammaHydroPeroxyAlphaRad.sdf,c=ccccooh(X)(XX)(XX),c=ccccooh(r)(hh)(rh),UNIQUE
subsOlefinGammaHydroPeroxyAlphaRad.sdf,c=ccccooh(X)(XX)(XX),c=ccccooh(h)(rh)(rh),UNIQUE
subsOlefinGammaHydroPeroxyAlphaRad.sdf,c=ccccooh(X)(XX)(XX),c=ccccooh(r)(rh)(rh),UNIQUE
subsOlefinGammaHydroPeroxyAlphaRad.sdf,c=ccccooh(X)(XX)(XX),c=ccccooh(h)(rr)(rh),UNIQUE
subsOlefinGammaHydroPeroxyAlphaRad.sdf,c=ccccooh(X)(XX)(XX),c=ccccooh(r)(rr)(rh),UNIQUE
subsOlefinGammaHydroPeroxyAlphaRad.sdf,c=ccccooh(X)(XX)(XX),c=ccccooh(h)(hh)(rr),UNIQUE
subsOlefinGammaHydroPeroxyAlphaRad.sdf,c=ccccooh(X)(XX)(XX),c=ccccooh(r)(hh)(rr),UNIQUE
subsOlefinGammaHydroPeroxyAlphaRad.sdf,c=ccccooh(X)(XX)(XX),c=ccccooh(h)(rh)(rr),UNIQUE
subsOlefinGammaHydroPeroxyAlphaRad.sdf,c=ccccooh(X)(XX)(XX),c=ccccooh(r)(rh)(rr),UNIQUE
subsOlefinGammaHydroPeroxyAlphaRad.sdf,c=ccccooh(X)(XX)(XX),c=ccccooh(h)(rr)(rr),UNIQUE
subsOlefinGammaHydroPeroxyAlphaRad.sdf,c=ccccooh(X)(XX)(XX),c=ccccooh(r)(rr)(rr),UNIQUE
subsOlefinBetaPeroxy.sdf,c=cccoo(XX)(XX),c=cccoo(hh)(hh),UNIQUE
subsOlefinBetaPeroxy.sdf,c=cccoo(XX)(XX),c=cccoo(rh)(hh),UNIQUE
subsOlefinBetaPeroxy.sdf,c=cccoo(XX)(XX),c=cccoo(rr)(hh),UNIQUE
subsOlefinBetaPeroxy.sdf,c=cccoo(XX)(XX),c=cccoo(hh)(rh),UNIQUE
subsOlefinBetaPeroxy.sdf,c=cccoo(XX)(XX),c=cccoo(rh)(rh),UNIQUE
subsOlefinBetaPeroxy.sdf,c=cccoo(XX)(XX),c=cccoo(rr)(rh),UNIQUE
subsOlefinBetaPeroxy.sdf,c=cccoo(XX)(XX),c=cccoo(hh)(rr),UNIQUE
subsOlefinBetaPeroxy.sdf,c=cccoo(XX)(XX),c=cccoo(rh)(rr),UNIQUE
subsOlefinBetaPeroxy.sdf,c=cccoo(XX)(XX),c=cccoo(rr)(rr),UNIQUE
subsOlefinBetaHydroPeroxy.sdf,c=cccooh(X)(XX),c=cccooh(h)(hh),UNIQUE
subsOlefinBetaHydroPeroxy.sdf,c=cccooh(X)(XX),c=cccooh(r)(hh),UNIQUE
subsOlefinBetaHydroPeroxy.sdf,c=cccooh(X)(XX),c=cccooh(h)(rh),UNIQUE
subsOlefinBetaHydroPeroxy.sdf,c=cccooh(X)(XX),c=cccooh(r)(rh),UNIQUE
subsOlefinBetaHydroPeroxy.sdf,c=cccooh(X)(XX),c=cccooh(h)(rr),UNIQUE
subsOlefinBetaHydroPeroxy.sdf,c=cccooh(X)(XX),c=cccooh(r)(rr),UNIQUE
subsPropenal.sdf,c=cco(X),c=cco(h),UNIQUE
subsPropenal.sdf,c=cco(X),c=cco(r),UNIQUE
subsOlefinAlphaPeroxy.sdf,c=ccooc(X)(XXX),c=ccooc(h)(hhh),UNIQUE
subsOlefinAlphaPeroxy.sdf,c=ccooc(X)(XXX),c=ccooc(r)(hhh),UNIQUE
subsOlefinAlphaPeroxy.sdf,c=ccooc(X)(XXX),c=ccooc(h)(rhh),UNIQUE
subsOlefinAlphaPeroxy.sdf,c=ccooc(X)(XXX),c=ccooc(r)(rhh),UNIQUE
subsOlefinAlphaPeroxy.sdf,c=ccooc(X)(XXX),c=ccooc(h)(rrh),UNIQUE
subsOlefinAlphaPeroxy.sdf,c=ccooc(X)(XXX),c=ccooc(r)(rrh),UNIQUE
subsOlefinAlphaPeroxy.sdf,c=ccooc(X)(XXX),c=ccooc(h)(rrr),UNIQUE
subsOlefinAlphaPeroxy.sdf,c=ccooc(X)(XXX),c=ccooc(r)(rrr),UNIQUE
subsOlefinAlphaPeroxyC5.sdf,c=ccoocc(X)(XX)(XXX),c=ccoocc(h)(hh)(hhh),UNIQUE
subsOlefinAlphaPeroxyC5.sdf,c=ccoocc(X)(XX)(XXX),c=ccoocc(r)(hh)(hhh),UNIQUE
subsOlefinAlphaPeroxyC5.sdf,c=ccoocc(X)(XX)(XXX),c=ccoocc(h)(rh)(hhh),UNIQUE
subsOlefinAlphaPeroxyC5.sdf,c=ccoocc(X)(XX)(XXX),c=ccoocc(r)(rh)(hhh),UNIQUE
subsOlefinAlphaPeroxyC5.sdf,c=ccoocc(X)(XX)(XXX),c=ccoocc(h)(rr)(hhh),UNIQUE
subsOlefinAlphaPeroxyC5.sdf,c=ccoocc(X)(XX)(XXX),c=ccoocc(r)(rr)(hhh),UNIQUE
subsOlefinAlphaPeroxyC5.sdf,c=ccoocc(X)(XX)(XXX),c=ccoocc(h)(hh)(rhh),UNIQUE
subsOlefinAlphaPeroxyC5.sdf,c=ccoocc(X)(XX)(XXX),c=ccoocc(r)(hh)(rhh),UNIQUE
subsOlefinAlphaPeroxyC5.sdf,c=ccoocc(X)(XX)(XXX),c=ccoocc(h)(rh)(rhh),UNIQUE
subsOlefinAlphaPeroxyC5.sdf,c=ccoocc(X)(XX)(XXX),c=ccoocc(r)(rh)(rhh),UNIQUE
subsOlefinAlphaPeroxyC5.sdf,c=ccoocc(X)(XX)(XXX),c=ccoocc(h)(rr)(rhh),UNIQUE
subsOlefinAlphaPeroxyC5.sdf,c=ccoocc(X)(XX)(XXX),c=ccoocc(r)(rr)(rhh),UNIQUE
subsOlefinAlphaPeroxyC5.sdf,c=ccoocc(X)(XX)(XXX),c=ccoocc(h)(hh)(rrh),UNIQUE
subsOlefinAlphaPeroxyC5.sdf,c=ccoocc(X)(XX)(XXX),c=ccoocc(r)(hh)(rrh),UNIQUE
subsOlefinAlphaPeroxyC5.sdf,c=ccoocc(X)(XX)(XXX),c=ccoocc(h)(rh)(rrh),UNIQUE
subsOlefinAlphaPeroxyC5.sdf,c=ccoocc(X)(XX)(XXX),c=ccoocc(r)(rh)(rrh),UNIQUE
subsOlefinAlphaPeroxyC5.sdf,c=ccoocc(X)(XX)(XXX),c=ccoocc(h)(rr)(rrh),UNIQUE
subsOlefinAlphaPeroxyC5.sdf,c=ccoocc(X)(XX)(XXX),c=ccoocc(r)(rr)(rrh),UNIQUE
subsOlefinAlphaPeroxyC5.sdf,c=ccoocc(X)(XX)(XXX),c=ccoocc(h)(hh)(rrr),UNIQUE
subsOlefinAlphaPeroxyC5.sdf,c=ccoocc(X)(XX)(XXX),c=ccoocc(r)(hh)(rrr),UNIQUE
subsOlefinAlphaPeroxyC5.sdf,c=ccoocc(X)(XX)(XXX),c=ccoocc(h)(rh)(rrr),UNIQUE
subsOlefinAlphaPeroxyC5.sdf,c=ccoocc(X)(XX)(XXX),c=ccoocc(r)(rh)(rrr),UNIQUE
subsOlefinAlphaPeroxyC5.sdf,c=ccoocc(X)(XX)(XXX),c=ccoocc(h)(rr)(rrr),UNIQUE
subsOlefinAlphaPeroxyC5.sdf,c=ccoocc(X)(XX)(XXX),c=ccoocc(r)(rr)(rrr),UNIQUE
subsOlefinAlphaPeroxyC6.sdf,c=ccooccc(X)(XXX),c=ccooccc(h)(hhh),UNIQUE
subsOlefinAlphaPeroxyC6.sdf,c=ccooccc(X)(XXX),c=ccooccc(r)(hhh),UNIQUE
subsOlefinAlphaPeroxyC6.sdf,c=ccooccc(X)(XXX),c=ccooccc(h)(rhh),UNIQUE
subsOlefinAlphaPeroxyC6.sdf,c=ccooccc(X)(XXX),c=ccooccc(r)(rhh),UNIQUE
subsOlefinAlphaPeroxyC6.sdf,c=ccooccc(X)(XXX),c=ccooccc(h)(rrh),UNIQUE
subsOlefinAlphaPeroxyC6.sdf,c=ccooccc(X)(XXX),c=ccooccc(r)(rrh),UNIQUE
subsOlefinAlphaPeroxyC6.sdf,c=ccooccc(X)(XXX),c=ccooccc(h)(rrr),UNIQUE
subsOlefinAlphaPeroxyC6.sdf,c=ccooccc(X)(XXX),c=ccooccc(r)(rrr),UNIQUE
subsOlefinAlphaPeroxyC7.sdf,c=ccoocccc(X)(XXX),c=ccoocccc(h)(hhh),UNIQUE
subsOlefinAlphaPeroxyC7.sdf,c=ccoocccc(X)(XXX),c=ccoocccc(r)(hhh),UNIQUE
subsOlefinAlphaPeroxyC7.sdf,c=ccoocccc(X)(XXX),c=ccoocccc(h)(rhh),UNIQUE
subsOlefinAlphaPeroxyC7.sdf,c=ccoocccc(X)(XXX),c=ccoocccc(r)(rhh),UNIQUE
subsOlefinAlphaPeroxyC7.sdf,c=ccoocccc(X)(XXX),c=ccoocccc(h)(rrh),UNIQUE
subsOlefinAlphaPeroxyC7.sdf,c=ccoocccc(X)(XXX),c=ccoocccc(r)(rrh),UNIQUE
subsOlefinAlphaPeroxyC7.sdf,c=ccoocccc(X)(XXX),c=ccoocccc(h)(rrr),UNIQUE
subsOlefinAlphaPeroxyC7.sdf,c=ccoocccc(X)(XXX),c=ccoocccc(r)(rrr),UNIQUE
subsOlefinAlphaPeroxyGammaHydroPeroxy.sdf,c=ccooccooh(X)(XX)(XX),c=ccooccooh(h)(hh)(hh),UNIQUE
subsOlefinAlphaPeroxyGammaHydroPeroxy.sdf,c=ccooccooh(X)(XX)(XX),c=ccooccooh(r)(hh)(hh),UNIQUE
subsOlefinAlphaPeroxyGammaHydroPeroxy.sdf,c=ccooccooh(X)(XX)(XX),c=ccooccooh(h)(rh)(hh),UNIQUE
subsOlefinAlphaPeroxyGammaHydroPeroxy.sdf,c=ccooccooh(X)(XX)(XX),c=ccooccooh(r)(rh)(hh),UNIQUE
subsOlefinAlphaPeroxyGammaHydroPeroxy.sdf,c=ccooccooh(X)(XX)(XX),c=ccooccooh(h)(rr)(hh),UNIQUE
subsOlefinAlphaPeroxyGammaHydroPeroxy.sdf,c=ccooccooh(X)(XX)(XX),c=ccooccooh(r)(rr)(hh),UNIQUE
subsOlefinAlphaPeroxyGammaHydroPeroxy.sdf,c=ccooccooh(X)(XX)(XX),c=ccooccooh(h)(hh)(rh),UNIQUE
subsOlefinAlphaPeroxyGammaHydroPeroxy.sdf,c=ccooccooh(X)(XX)(XX),c=ccooccooh(r)(hh)(rh),UNIQUE
subsOlefinAlphaPeroxyGammaHydroPeroxy.sdf,c=ccooccooh(X)(XX)(XX),c=ccooccooh(h)(rh)(rh),UNIQUE
subsOlefinAlphaPeroxyGammaHydroPeroxy.sdf,c=ccooccooh(X)(XX)(XX),c=ccooccooh(r)(rh)(rh),UNIQUE
subsOlefinAlphaPeroxyGammaHydroPeroxy.sdf,c=ccooccooh(X)(XX)(XX),c=ccooccooh(h)(rr)(rh),UNIQUE
subsOlefinAlphaPeroxyGammaHydroPeroxy.sdf,c=ccooccooh(X)(XX)(XX),c=ccooccooh(r)(rr)(rh),UNIQUE
subsOlefinAlphaPeroxyGammaHydroPeroxy.sdf,c=ccooccooh(X)(XX)(XX),c=ccooccooh(h)(hh)(rr),UNIQUE
subsOlefinAlphaPeroxyGammaHydroPeroxy.sdf,c=ccooccooh(X)(XX)(XX),c=ccooccooh(r)(hh)(rr),UNIQUE
subsOlefinAlphaPeroxyGammaHydroPeroxy.sdf,c=ccooccooh(X)(XX)(XX),c=ccooccooh(h)(rh)(rr),UNIQUE
subsOlefinAlphaPeroxyGammaHydroPeroxy.sdf,c=ccooccooh(X)(XX)(XX),c=ccooccooh(r)(rh)(rr),UNIQUE
subsOlefinAlphaPeroxyGammaHydroPeroxy.sdf,c=ccooccooh(X)(XX)(XX),c=ccooccooh(h)(rr)(rr),UNIQUE
subsOlefinAlphaPeroxyGammaHydroPeroxy.sdf,c=ccooccooh(X)(XX)(XX),c=ccooccooh(r)(rr)(rr),UNIQUE
subsOlefinAlphaPeroxyBetaHydroPeroxy.sdf,c=ccoocooh(X)(XX),c=ccoocooh(h)(hh),UNIQUE
subsOlefinAlphaPeroxyBetaHydroPeroxy.sdf,c=ccoocooh(X)(XX),c=ccoocooh(r)(hh),UNIQUE
subsOlefinAlphaPeroxyBetaHydroPeroxy.sdf,c=ccoocooh(X)(XX),c=ccoocooh(h)(rh),UNIQUE
subsOlefinAlphaPeroxyBetaHydroPeroxy.sdf,c=ccoocooh(X)(XX),c=ccoocooh(r)(rh),UNIQUE
subsOlefinAlphaPeroxyBetaHydroPeroxy.sdf,c=ccoocooh(X)(XX),c=ccoocooh(h)(rr),UNIQUE
subsOlefinAlphaPeroxyBetaHydroPeroxy.sdf,c=ccoocooh(X)(XX),c=ccoocooh(r)(rr),UNIQUE
subsOlefinAlphaHydroPeroxy.sdf,c=ccoohc(X)(XX),c=ccoohc(h)(hh),UNIQUE
subsOlefinAlphaHydroPeroxy.sdf,c=ccoohc(X)(XX),c=ccoohc(r)(hh),UNIQUE
subsOlefinAlphaHydroPeroxy.sdf,c=ccoohc(X)(XX),c=ccoohc(h)(rh),UNIQUE
subsOlefinAlphaHydroPeroxy.sdf,c=ccoohc(X)(XX),c=ccoohc(r)(rh),UNIQUE
subsOlefinAlphaHydroPeroxy.sdf,c=ccoohc(X)(XX),c=ccoohc(h)(rr),UNIQUE
subsOlefinAlphaHydroPeroxy.sdf,c=ccoohc(X)(XX),c=ccoohc(r)(rr),UNIQUE
subsOlefinAlphaHydroPeroxyC5.sdf,c=ccoohcc(X)(XX)(XX),c=ccoohcc(h)(hh)(hh),UNIQUE
subsOlefinAlphaHydroPeroxyC5.sdf,c=ccoohcc(X)(XX)(XX),c=ccoohcc(r)(hh)(hh),UNIQUE
subsOlefinAlphaHydroPeroxyC5.sdf,c=ccoohcc(X)(XX)(XX),c=ccoohcc(h)(rh)(hh),UNIQUE
subsOlefinAlphaHydroPeroxyC5.sdf,c=ccoohcc(X)(XX)(XX),c=ccoohcc(r)(rh)(hh),UNIQUE
subsOlefinAlphaHydroPeroxyC5.sdf,c=ccoohcc(X)(XX)(XX),c=ccoohcc(h)(rr)(hh),UNIQUE
subsOlefinAlphaHydroPeroxyC5.sdf,c=ccoohcc(X)(XX)(XX),c=ccoohcc(r)(rr)(hh),UNIQUE
subsOlefinAlphaHydroPeroxyC5.sdf,c=ccoohcc(X)(XX)(XX),c=ccoohcc(h)(hh)(rh),UNIQUE
subsOlefinAlphaHydroPeroxyC5.sdf,c=ccoohcc(X)(XX)(XX),c=ccoohcc(r)(hh)(rh),UNIQUE
subsOlefinAlphaHydroPeroxyC5.sdf,c=ccoohcc(X)(XX)(XX),c=ccoohcc(h)(rh)(rh),UNIQUE
subsOlefinAlphaHydroPeroxyC5.sdf,c=ccoohcc(X)(XX)(XX),c=ccoohcc(r)(rh)(rh),UNIQUE
subsOlefinAlphaHydroPeroxyC5.sdf,c=ccoohcc(X)(XX)(XX),c=ccoohcc(h)(rr)(rh),UNIQUE
subsOlefinAlphaHydroPeroxyC5.sdf,c=ccoohcc(X)(XX)(XX),c=ccoohcc(r)(rr)(rh),UNIQUE
subsOlefinAlphaHydroPeroxyC5.sdf,c=ccoohcc(X)(XX)(XX),c=ccoohcc(h)(hh)(rr),UNIQUE
subsOlefinAlphaHydroPeroxyC5.sdf,c=ccoohcc(X)(XX)(XX),c=ccoohcc(r)(hh)(rr),UNIQUE
subsOlefinAlphaHydroPeroxyC5.sdf,c=ccoohcc(X)(XX)(XX),c=ccoohcc(h)(rh)(rr),UNIQUE
subsOlefinAlphaHydroPeroxyC5.sdf,c=ccoohcc(X)(XX)(XX),c=ccoohcc(r)(rh)(rr),UNIQUE
subsOlefinAlphaHydroPeroxyC5.sdf,c=ccoohcc(X)(XX)(XX),c=ccoohcc(h)(rr)(rr),UNIQUE
subsOlefinAlphaHydroPeroxyC5.sdf,c=ccoohcc(X)(XX)(XX),c=ccoohcc(r)(rr)(rr),UNIQUE
subsOlefinAlphaHydroPeroxyC6.sdf,c=ccoohccc(X)(XX),c=ccoohccc(h)(hh),DUPLICATE
subsOlefinAlphaHydroPeroxyC6.sdf,c=ccoohccc(X)(XX),c=ccoohccc(r)(hh),DUPLICATE
subsOlefinAlphaHydroPeroxyC6.sdf,c=ccoohccc(X)(XX),c=ccoohccc(h)(rh),DUPLICATE
subsOlefinAlphaHydroPeroxyC6.sdf,c=ccoohccc(X)(XX),c=ccoohccc(r)(rh),DUPLICATE
subsOlefinAlphaHydroPeroxyC6.sdf,c=ccoohccc(X)(XX),c=ccoohccc(h)(rr),DUPLICATE
subsOlefinAlphaHydroPeroxyC6.sdf,c=ccoohccc(X)(XX),c=ccoohccc(r)(rr),DUPLICATE
subsOlefinAlphaHydroPeroxyC6.sdf,c=ccoohccc(X)(XX),c=ccoohccc(h)(rr),DUPLICATE
subsOlefinAlphaHydroPeroxyC6.sdf,c=ccoohccc(X)(XX),c=ccoohccc(r)(rr),DUPLICATE
subsOlefinAlphaHydroPeroxyC7.sdf,c=ccoohcccc(X)(XX),c=ccoohcccc(h)(hh),UNIQUE
subsOlefinAlphaHydroPeroxyC7.sdf,c=ccoohcccc(X)(XX),c=ccoohcccc(r)(hh),UNIQUE
subsOlefinAlphaHydroPeroxyC7.sdf,c=ccoohcccc(X)(XX),c=ccoohcccc(h)(rh),UNIQUE
subsOlefinAlphaHydroPeroxyC7.sdf,c=ccoohcccc(X)(XX),c=ccoohcccc(r)(rh),UNIQUE
subsOlefinAlphaHydroPeroxyC7.sdf,c=ccoohcccc(X)(XX),c=ccoohcccc(h)(rr),UNIQUE
subsOlefinAlphaHydroPeroxyC7.sdf,c=ccoohcccc(X)(XX),c=ccoohcccc(r)(rr),UNIQUE
subsOlefinAlphaHydroPeroxyGammaKetone.sdf,c=ccoohcco(X)(XX)(X),c=ccoohcco(h)(hh)(h),UNIQUE
subsOlefinAlphaHydroPeroxyGammaKetone.sdf,c=ccoohcco(X)(XX)(X),c=ccoohcco(r)(hh)(h),UNIQUE
subsOlefinAlphaHydroPeroxyGammaKetone.sdf,c=ccoohcco(X)(XX)(X),c=ccoohcco(h)(rh)(h),UNIQUE
subsOlefinAlphaHydroPeroxyGammaKetone.sdf,c=ccoohcco(X)(XX)(X),c=ccoohcco(r)(rh)(h),UNIQUE
subsOlefinAlphaHydroPeroxyGammaKetone.sdf,c=ccoohcco(X)(XX)(X),c=ccoohcco(h)(rr)(h),UNIQUE
subsOlefinAlphaHydroPeroxyGammaKetone.sdf,c=ccoohcco(X)(XX)(X),c=ccoohcco(r)(rr)(h),UNIQUE
subsOlefinAlphaHydroPeroxyGammaKetone.sdf,c=ccoohcco(X)(XX)(X),c=ccoohcco(h)(hh)(r),UNIQUE
subsOlefinAlphaHydroPeroxyGammaKetone.sdf,c=ccoohcco(X)(XX)(X),c=ccoohcco(r)(hh)(r),UNIQUE
subsOlefinAlphaHydroPeroxyGammaKetone.sdf,c=ccoohcco(X)(XX)(X),c=ccoohcco(h)(rh)(r),UNIQUE
subsOlefinAlphaHydroPeroxyGammaKetone.sdf,c=ccoohcco(X)(XX)(X),c=ccoohcco(r)(rh)(r),UNIQUE
subsOlefinAlphaHydroPeroxyGammaKetone.sdf,c=ccoohcco(X)(XX)(X),c=ccoohcco(h)(rr)(r),UNIQUE
subsOlefinAlphaHydroPeroxyGammaKetone.sdf,c=ccoohcco(X)(XX)(X),c=ccoohcco(r)(rr)(r),UNIQUE
subsOlefinAlphaHydroPeroxyBetaKetone.sdf,c=ccoohco(X)(X),c=ccoohco(h)(h),UNIQUE
subsOlefinAlphaHydroPeroxyBetaKetone.sdf,c=ccoohco(X)(X),c=ccoohco(r)(h),UNIQUE
subsOlefinAlphaHydroPeroxyBetaKetone.sdf,c=ccoohco(X)(X),c=ccoohco(h)(r),UNIQUE
subsOlefinAlphaHydroPeroxyBetaKetone.sdf,c=ccoohco(X)(X),c=ccoohco(r)(r),UNIQUE
subsMolecules2.sdf,carbondioxide,carbondioxide,UNIQUE
subsMolecules.sdf,carbonmonoxide,carbonmonoxide,UNIQUE
subsAldPeroxyLong.sdf,ccccco,ccccco,UNIQUE
subsAldPeroxyLong.sdf,cccco,cccco,UNIQUE
subsAldPeroxyLong.sdf,ccco,ccco,UNIQUE
subsAldKetone.sdf,co(X)c(XX)c.(XX),co(h)c(hh)c.(hh),UNIQUE
subsAldKetone.sdf,co(X)c(XX)c.(XX),co(r)c(hh)c.(hh),UNIQUE
subsAldKetone.sdf,co(X)c(XX)c.(XX),co(h)c(rh)c.(hh),UNIQUE
subsAldKetone.sdf,co(X)c(XX)c.(XX),co(r)c(rh)c.(hh),UNIQUE
subsAldKetone.sdf,co(X)c(XX)c.(XX),co(h)c(rr)c.(hh),UNIQUE
subsAldKetone.sdf,co(X)c(XX)c.(XX),co(r)c(rr)c.(hh),UNIQUE
subsAldKetone.sdf,co(X)c(XX)c.(XX),co(h)c(hh)c.(rh),UNIQUE
subsAldKetone.sdf,co(X)c(XX)c.(XX),co(r)c(hh)c.(rh),UNIQUE
subsAldKetone.sdf,co(X)c(XX)c.(XX),co(h)c(rh)c.(rh),UNIQUE
subsAldKetone.sdf,co(X)c(XX)c.(XX),co(r)c(rh)c.(rh),UNIQUE
subsAldKetone.sdf,co(X)c(XX)c.(XX),co(h)c(rr)c.(rh),UNIQUE
subsAldKetone.sdf,co(X)c(XX)c.(XX),co(r)c(rr)c.(rh),UNIQUE
subsAldKetone.sdf,co(X)c(XX)c.(XX),co(h)c(hh)c.(rr),UNIQUE
subsAldKetone.sdf,co(X)c(XX)c.(XX),co(r)c(hh)c.(rr),UNIQUE
subsAldKetone.sdf,co(X)c(XX)c.(XX),co(h)c(rh)c.(rr),UNIQUE
subsAldKetone.sdf,co(X)c(XX)c.(XX),co(r)c(rh)c.(rr),UNIQUE
subsAldKetone.sdf,co(X)c(XX)c.(XX),co(h)c(rr)c.(rr),UNIQUE
subsAldKetone.sdf,co(X)c(XX)c.(XX),co(r)c(rr)c.(rr),UNIQUE
subsAldKetone.sdf,co(X)c(XX)co(X),co(h)c(hh)co(h),UNIQUE
subsAldKetone.sdf,co(X)c(XX)co(X),co(r)c(hh)co(h),UNIQUE
subsAldKetone.sdf,co(X)c(XX)co(X),co(h)c(rh)co(h),UNIQUE
subsAldKetone.sdf,co(X)c(XX)co(X),co(r)c(rh)co(h),UNIQUE
subsAldKetone.sdf,co(X)c(XX)co(X),co(h)c(rr)co(h),UNIQUE
subsAldKetone.sdf,co(X)c(XX)co(X),co(r)c(rr)co(h),UNIQUE
subsAldKetone.sdf,co(X)c(XX)co(X),co(h)c(hh)co(r),UNIQUE
subsAldKetone.sdf,co(X)c(XX)co(X),co(r)c(hh)co(r),UNIQUE
subsAldKetone.sdf,co(X)c(XX)co(X),co(h)c(rh)co(r),UNIQUE
subsAldKetone.sdf,co(X)c(XX)co(X),co(r)c(rh)co(r),UNIQUE
subsAldKetone.sdf,co(X)c(XX)co(X),co(h)c(rr)co(r),UNIQUE
subsAldKetone.sdf,co(X)c(XX)co(X),co(r)c(rr)co(r),UNIQUE
subsAldPeroxyLong.sdf,cqq(ooh)ccccco,cqq(ooh)ccccco,Q-CLASS
subsAldPeroxyLong.sdf,cqq(ooh)cccco,cqq(ooh)cccco,Q-CLASS
subsAldPeroxyLong.sdf,cqq(ooh)ccco,cqq(ooh)ccco,Q-CLASS
subsC3R5COCR2.sdf,cqqcqccoc.,cqqcqccoc.,Q-CLASS
subsC3R5COCR2.sdf,cqqcqccoc.-(QQ)(Q)(XX)(XX),cqqcqccoc.-(qq)(q)(hh)(hh),Q-CLASS
subsC3R5COCR2.sdf,cqqcqccoc.-(QQ)(Q)(XX)(XX),cqqcqccoc.-(qq)(q)(rh)(hh),Q-CLASS
subsC3R5COCR2.sdf,cqqcqccoc.-(QQ)(Q)(XX)(XX),cqqcqccoc.-(qq)(q)(rr)(hh),Q-CLASS
subsC3R5COCR2.sdf,cqqcqccoc.-(QQ)(Q)(XX)(XX),cqqcqccoc.-(qq)(q)(hh)(rh),Q-CLASS
subsC3R5COCR2.sdf,cqqcqccoc.-(QQ)(Q)(XX)(XX),cqqcqccoc.-(qq)(q)(rh)(rh),Q-CLASS
subsC3R5COCR2.sdf,cqqcqccoc.-(QQ)(Q)(XX)(XX),cqqcqccoc.-(qq)(q)(rr)(rh),Q-CLASS
subsC3R5COCR2.sdf,cqqcqccoc.-(QQ)(Q)(XX)(XX),cqqcqccoc.-(qq)(q)(hh)(rr),Q-CLASS
subsC3R5COCR2.sdf,cqqcqccoc.-(QQ)(Q)(XX)(XX),cqqcqccoc.-(qq)(q)(rh)(rr),Q-CLASS
subsC3R5COCR2.sdf,cqqcqccoc.-(QQ)(Q)(XX)(XX),cqqcqccoc.-(qq)(q)(rr)(rr),Q-CLASS
subsCarbon2.sdf,ethane-(XX)(XX),ethane-(hh)(rh),UNIQUE
subsCarbon2.sdf,ethane-(XX)(XX),ethane-(rh)(rh),UNIQUE
subsCarbon2.sdf,ethane-(XX)(XX),ethane-(rr)(hh),UNIQUE
subsCarbon2.sdf,ethane-(XX)(XX),ethane-(hh)(rr),UNIQUE
subsCarbon2.sdf,ethane-(XX)(XX),ethane-(rr)(rh),UNIQUE
subsCarbon2.sdf,ethane-(XX)(XX),ethane-(rh)(rr),UNIQUE
subsCarbon2.sdf,ethane-(XX)(XX),ethane-(rr)(rr),UNIQUE
subsCarbon2.sdf,ethane-(XX)(XXX),ethane-(rh)(hhh),UNIQUE
subsEthane.sdf,ethane-(XXX)(XXX),ethane-(hhh)(hhh),UNIQUE
subsEthane.sdf,ethane-(XXX)(XXX),ethane-(rhh)(hhh),UNIQUE
subsEthane.sdf,ethane-(XXX)(XXX),ethane-(rrh)(hhh),UNIQUE
subsEthane.sdf,ethane-(XXX)(XXX),ethane-(rrr)(hhh),UNIQUE
subsEthane.sdf,ethane-(XXX)(XXX),ethane-(rhh)(rhh),UNIQUE
subsEthane.sdf,ethane-(XXX)(XXX),ethane-(rrh)(rhh),UNIQUE
subsEthane.sdf,ethane-(XXX)(XXX),ethane-(rrh)(rrh),UNIQUE
subsEthane.sdf,ethane-(XXX)(XXX),ethane-(rrr)(rhh),UNIQUE
subsEthane.sdf,ethane-(XXX)(XXX),ethane-(rrr)(rrh),UNIQUE
subsEthane.sdf,ethane-(XXX)(XXX),ethane-(rrr)(rrr),UNIQUE
subsEther.sdf,ether-(XX),ether-(hh),UNIQUE
subsEther.sdf,ether-(XX),ether-(rh),UNIQUE
subsEther.sdf,ether-(XX),ether-(rr),UNIQUE
subsEther.sdf,ether-(XXX),ether-(hhh),DUPLICATE
subsEther.sdf,ether-(XXX),ether-(rhh),DUPLICATE
subsEther.sdf,ether-(XXX),ether-(rrh),DUPLICATE
subsEther.sdf,ether-(XXX),ether-(rrh),DUPLICATE
subsEther.sdf,ether-(XXX)(XXX),ether-(hhh)(hhh),UNIQUE
subsEther.sdf,ether-(XXX)(XXX),ether-(rhh)(hhh),UNIQUE
subsEther.sdf,ether-(XXX)(XXX),ether-(rrh)(hhh),UNIQUE
subsEther.sdf,ether-(XXX)(XXX),ether-(rrr)(hhh),UNIQUE
subsEther.sdf,ether-(XXX)(XXX),ether-(rhh)(rhh),UNIQUE
subsEther.sdf,ether-(XXX)(XXX),ether-(rrh)(rhh),UNIQUE
subsEther.sdf,ether-(XXX)(XXX),ether-(rrr)(rhh),UNIQUE
subsEther.sdf,ether-(XXX)(XXX),ether-(rrh)(rrh),UNIQUE
subsEther.sdf,ether-(XXX)(XXX),ether-(rrr)(rrh),UNIQUE
subsEther.sdf,ether-(XXX)(XXX),ether-(rrr)(rrr),UNIQUE
subsEthylRadical.sdf,ethyl-radical-(XX)(XXX),ethyl-radical-(hh)(hhh),UNIQUE
subsEthylRadical.sdf,ethyl-radical-(XX)(XXX),ethyl-radical-(rh)(hhh),UNIQUE
subsEthylRadical.sdf,ethyl-radical-(XX)(XXX),ethyl-radical-(rr)(hhh),UNIQUE
subsEthylRadical.sdf,ethyl-radical-(XX)(XXX),ethyl-radical-(hh)(rhh),UNIQUE
subsEthylRadical.sdf,ethyl-radical-(XX)(XXX),ethyl-radical-(rh)(rhh),UNIQUE
subsEthylRadical.sdf,ethyl-radical-(XX)(XXX),ethyl-radical-(rr)(rhh),UNIQUE
subsEthylRadical.sdf,ethyl-radical-(XX)(XXX),ethyl-radical-(hh)(rrh),UNIQUE
subsEthylRadical.sdf,ethyl-radical-(XX)(XXX),ethyl-radical-(rh)(rrh),UNIQUE
subsEthylRadical.sdf,ethyl-radical-(XX)(XXX),ethyl-radical-(rr)(rrh),UNIQUE
subsEthylRadical.sdf,ethyl-radical-(XX)(XXX),ethyl-radical-(hh)(rrr),UNIQUE
subsEthylRadical.sdf,ethyl-radical-(XX)(XXX),ethyl-radical-(rh)(rrr),UNIQUE
subsEthylRadical.sdf,ethyl-radical-(XX)(XXX),ethyl-radical-(rr)(rrr),UNIQUE
subsEthyne.sdf,ethyne-(X)(X),ethyne-(h)(h),UNIQUE
subsEthyne.sdf,ethyne-(X)(X),ethyne-(r)(h),UNIQUE
subsEthyne.sdf,ethyne-(X)(X),ethyne-(r)(r),UNIQUE
subsEthyne.sdf,ethyne-radical-(X),ethyne-radical-(h),UNIQUE
subsEthyne.sdf,ethyne-radical-(X),ethyne-radical-(r),UNIQUE
subsAldKetone.sdf,general-aldehydeketone,general-aldehydeketone,UNIQUE
subsCarbon.sdf,general-carbon-hydrogen-bond,general-carbon-hydrogen-bond,UNIQUE
subsCarbon.sdf,general-carbon-radical,general-carbon-radical,UNIQUE
subsEther.sdf,general-ether,general-ether,UNIQUE
subsAlkene3.sdf,hcoc(Q)c(QQ),hcoc(q)c(qq),Q-CLASS
subsKetoAlkene.sdf,hcoc(X)c(XX),hcoc(h)c(hh),UNIQUE
subsKetoAlkene.sdf,hcoc(X)c(XX),hcoc(r)c(hh),UNIQUE
subsKetoAlkene.sdf,hcoc(X)c(XX),hcoc(h)c(rh),UNIQUE
subsKetoAlkene.sdf,hcoc(X)c(XX),hcoc(r)c(rh),UNIQUE
subsKetoAlkene.sdf,hcoc(X)c(XX),hcoc(h)c(rr),UNIQUE
subsKetoAlkene.sdf,hcoc(X)c(XX),hcoc(r)c(rr),UNIQUE
subsAldKetone3.sdf,hcoc(X)c(XX)c(XXX),hcoc(h)c(hh)c(hhh),UNIQUE
subsAldKetone3.sdf,hcoc(X)c(XX)c(XXX),hcoc(r)c(hh)c(hhh),UNIQUE
subsAldKetone3.sdf,hcoc(X)c(XX)c(XXX),hcoc(h)c(rh)c(hhh),UNIQUE
subsAldKetone3.sdf,hcoc(X)c(XX)c(XXX),hcoc(r)c(rh)c(hhh),UNIQUE
subsAldKetone3.sdf,hcoc(X)c(XX)c(XXX),hcoc(h)c(rr)c(hhh),UNIQUE
subsAldKetone3.sdf,hcoc(X)c(XX)c(XXX),hcoc(r)c(rr)c(hhh),UNIQUE
subsAldKetone3.sdf,hcoc(X)c(XX)c(XXX),hcoc(h)c(hh)c(rhh),UNIQUE
subsAldKetone3.sdf,hcoc(X)c(XX)c(XXX),hcoc(r)c(hh)c(rhh),UNIQUE
subsAldKetone3.sdf,hcoc(X)c(XX)c(XXX),hcoc(h)c(rh)c(rhh),UNIQUE
subsAldKetone3.sdf,hcoc(X)c(XX)c(XXX),hcoc(r)c(rh)c(rhh),UNIQUE
subsAldKetone3.sdf,hcoc(X)c(XX)c(XXX),hcoc(h)c(rr)c(rhh),UNIQUE
subsAldKetone3.sdf,hcoc(X)c(XX)c(XXX),hcoc(r)c(rr)c(rhh),UNIQUE
subsAldKetone3.sdf,hcoc(X)c(XX)c(XXX),hcoc(h)c(hh)c(rrh),UNIQUE
subsAldKetone3.sdf,hcoc(X)c(XX)c(XXX),hcoc(r)c(hh)c(rrh),UNIQUE
subsAldKetone3.sdf,hcoc(X)c(XX)c(XXX),hcoc(h)c(rh)c(rrh),UNIQUE
subsAldKetone3.sdf,hcoc(X)c(XX)c(XXX),hcoc(r)c(rh)c(rrh),UNIQUE
subsAldKetone3.sdf,hcoc(X)c(XX)c(XXX),hcoc(h)c(rr)c(rrh),UNIQUE
subsAldKetone3.sdf,hcoc(X)c(XX)c(XXX),hcoc(r)c(rr)c(rrh),UNIQUE
subsAldKetone3.sdf,hcoc(X)c(XX)c(XXX),hcoc(h)c(hh)c(rrr),UNIQUE
subsAldKetone3.sdf,hcoc(X)c(XX)c(XXX),hcoc(r)c(hh)c(rrr),UNIQUE
subsAldKetone3.sdf,hcoc(X)c(XX)c(XXX),hcoc(h)c(rh)c(rrr),UNIQUE
subsAldKetone3.sdf,hcoc(X)c(XX)c(XXX),hcoc(r)c(rh)c(rrr),UNIQUE
subsAldKetone3.sdf,hcoc(X)c(XX)c(XXX),hcoc(h)c(rr)c(rrr),UNIQUE
subsAldKetone3.sdf,hcoc(X)c(XX)c(XXX),hcoc(r)c(rr)c(rrr),UNIQUE
subsAldKetone6.sdf,hcoc(XX)c(XX)c(XX),hcoc(hh)c(hh)c(hh),UNIQUE
subsAldKetone6.sdf,hcoc(XX)c(XX)c(XX),hcoc(rh)c(hh)c(hh),UNIQUE
subsAldKetone6.sdf,hcoc(XX)c(XX)c(XX),hcoc(rr)c(hh)c(hh),UNIQUE
subsAldKetone6.sdf,hcoc(XX)c(XX)c(XX),hcoc(hh)c(rh)c(hh),UNIQUE
subsAldKetone6.sdf,hcoc(XX)c(XX)c(XX),hcoc(rh)c(rh)c(hh),UNIQUE
subsAldKetone6.sdf,hcoc(XX)c(XX)c(XX),hcoc(rr)c(rh)c(hh),UNIQUE
subsAldKetone6.sdf,hcoc(XX)c(XX)c(XX),hcoc(hh)c(rr)c(hh),UNIQUE
subsAldKetone6.sdf,hcoc(XX)c(XX)c(XX),hcoc(rh)c(rr)c(hh),UNIQUE
subsAldKetone6.sdf,hcoc(XX)c(XX)c(XX),hcoc(rr)c(rr)c(hh),UNIQUE
subsAldKetone6.sdf,hcoc(XX)c(XX)c(XX),hcoc(hh)c(hh)c(rh),UNIQUE
subsAldKetone6.sdf,hcoc(XX)c(XX)c(XX),hcoc(rh)c(hh)c(rh),UNIQUE
subsAldKetone6.sdf,hcoc(XX)c(XX)c(XX),hcoc(rr)c(hh)c(rh),UNIQUE
subsAldKetone6.sdf,hcoc(XX)c(XX)c(XX),hcoc(hh)c(rh)c(rh),UNIQUE
subsAldKetone6.sdf,hcoc(XX)c(XX)c(XX),hcoc(rh)c(rh)c(rh),UNIQUE
subsAldKetone6.sdf,hcoc(XX)c(XX)c(XX),hcoc(rr)c(rh)c(rh),UNIQUE
subsAldKetone6.sdf,hcoc(XX)c(XX)c(XX),hcoc(hh)c(rr)c(rh),UNIQUE
subsAldKetone6.sdf,hcoc(XX)c(XX)c(XX),hcoc(rh)c(rr)c(rh),UNIQUE
subsAldKetone6.sdf,hcoc(XX)c(XX)c(XX),hcoc(rr)c(rr)c(rh),UNIQUE
subsAldKetone6.sdf,hcoc(XX)c(XX)c(XX),hcoc(hh)c(hh)c(rr),UNIQUE
subsAldKetone6.sdf,hcoc(XX)c(XX)c(XX),hcoc(rh)c(hh)c(rr),UNIQUE
subsAldKetone6.sdf,hcoc(XX)c(XX)c(XX),hcoc(rr)c(hh)c(rr),UNIQUE
subsAldKetone6.sdf,hcoc(XX)c(XX)c(XX),hcoc(hh)c(rh)c(rr),UNIQUE
subsAldKetone6.sdf,hcoc(XX)c(XX)c(XX),hcoc(rh)c(rh)c(rr),UNIQUE
subsAldKetone6.sdf,hcoc(XX)c(XX)c(XX),hcoc(rr)c(rh)c(rr),UNIQUE
subsAldKetone6.sdf,hcoc(XX)c(XX)c(XX),hcoc(hh)c(rr)c(rr),UNIQUE
subsAldKetone6.sdf,hcoc(XX)c(XX)c(XX),hcoc(rh)c(rr)c(rr),UNIQUE
subsAldKetone6.sdf,hcoc(XX)c(XX)c(XX),hcoc(rr)c(rr)c(rr),UNIQUE
subsMolecules.sdf,hydrogen,hydrogen,UNIQUE
subsMolecules.sdf,hydrogen-peroxide,hydrogen-peroxide,UNIQUE
subsMolecules.sdf,hydrogen-radical,hydrogen-radical,UNIQUE
subsMolecules.sdf,hydroxyl-radical,hydroxyl-radical,UNIQUE
subsKetene.sdf,ketene-(XX),ketene-(hh),UNIQUE
subsKetene.sdf,ketene-(XX),ketene-(rh),UNIQUE
subsKetene.sdf,ketene-(XX),ketene-(rr),UNIQUE
subsKeteneCR3.sdf,ketene-(XXX)(X),ketene-(hhh)(h),UNIQUE
subsKeteneCR3.sdf,ketene-(XXX)(X),ketene-(hhh)(r),UNIQUE
subsKeteneCR3.sdf,ketene-(XXX)(X),ketene-(rhh)(h),UNIQUE
subsKeteneCR3.sdf,ketene-(XXX)(X),ketene-(rhh)(r),UNIQUE
subsKeteneCR3.sdf,ketene-(XXX)(X),ketene-(rrh)(h),UNIQUE
subsKeteneCR3.sdf,ketene-(XXX)(X),ketene-(rrh)(r),UNIQUE
subsKeteneCR3.sdf,ketene-(XXX)(X),ketene-(rrr)(h),UNIQUE
subsKeteneCR3.sdf,ketene-(XXX)(X),ketene-(rrr)(r),UNIQUE
subsKetene.sdf,ketenyl-(X),ketenyl-(h),UNIQUE
subsKetene.sdf,ketenyl-(X),ketenyl-(r),UNIQUE
subsCarbon.sdf,methane,methane,UNIQUE
subsCarbon.sdf,methane-carbon-radical,methane-carbon-radical,UNIQUE
subsAldPeroxy2.sdf,oc(Q)c(X)(X)c(X)(X)(oo),oc(q)c(h)(h)c(h)(h)(oo),Q-CLASS
subsAldPeroxy2.sdf,oc(Q)c(X)(X)c(X)(X)(oo),oc(q)c(r)(h)c(h)(h)(oo),Q-CLASS
subsAldPeroxy2.sdf,oc(Q)c(X)(X)c(X)(X)(oo),oc(q)c(r)(r)c(h)(h)(oo),Q-CLASS
subsAldPeroxy2.sdf,oc(Q)c(X)(X)c(X)(X)(oo),oc(q)c(h)(h)c(r)(h)(oo),Q-CLASS
subsAldPeroxy2.sdf,oc(Q)c(X)(X)c(X)(X)(oo),oc(q)c(r)(h)c(r)(h)(oo),Q-CLASS
subsAldPeroxy2.sdf,oc(Q)c(X)(X)c(X)(X)(oo),oc(q)c(r)(r)c(r)(h)(oo),Q-CLASS
subsAldPeroxy2.sdf,oc(Q)c(X)(X)c(X)(X)(oo),oc(q)c(h)(h)c(r)(r)(oo),Q-CLASS
subsAldPeroxy2.sdf,oc(Q)c(X)(X)c(X)(X)(oo),oc(q)c(r)(h)c(r)(r)(oo),Q-CLASS
subsAldPeroxy2.sdf,oc(Q)c(X)(X)c(X)(X)(oo),oc(q)c(r)(r)c(r)(r)(oo),Q-CLASS
subsAldPeroxy.sdf,oc(Q)c(X)(X)c(X)(X)(ooh),oc(q)c(h)(h)c(h)(h)(ooh),Q-CLASS
subsAldPeroxy.sdf,oc(Q)c(X)(X)c(X)(X)(ooh),oc(q)c(r)(h)c(h)(h)(ooh),Q-CLASS
subsAldPeroxy.sdf,oc(Q)c(X)(X)c(X)(X)(ooh),oc(q)c(r)(r)c(h)(h)(ooh),Q-CLASS
subsAldPeroxy.sdf,oc(Q)c(X)(X)c(X)(X)(ooh),oc(q)c(r)(h)c(r)(h)(ooh),Q-CLASS
subsAldPeroxy.sdf,oc(Q)c(X)(X)c(X)(X)(ooh),oc(q)c(r)(r)c(r)(h)(ooh),Q-CLASS
subsAldPeroxy.sdf,oc(Q)c(X)(X)c(X)(X)(ooh),oc(q)c(h)(h)c(r)(r)(ooh),Q-CLASS
subsAldPeroxy.sdf,oc(Q)c(X)(X)c(X)(X)(ooh),oc(q)c(r)(h)c(r)(r)(ooh),Q-CLASS
subsAldPeroxy.sdf,oc(Q)c(X)(X)c(X)(X)(ooh),oc(q)c(r)(r)c(r)(r)(ooh),Q-CLASS
subsAldPeroxy.sdf,oc(X)(ccccooh),oc(h)(ccccooh),UNIQUE
subsAldPeroxy.sdf,oc(X)(ccccooh),oc(r)(ccccooh),UNIQUE
subsAldPeroxy2.sdf,oc(X)(cccoo),oc(h)(cccoo),UNIQUE
subsAldPeroxy2.sdf,oc(X)(cccoo),oc(r)(cccoo),UNIQUE
subsAldPeroxy.sdf,oc(X)(cccooh),oc(h)(cccooh),UNIQUE
subsAldPeroxy.sdf,oc(X)(cccooh),oc(r)(cccooh),UNIQUE
subsAldPeroxy2.sdf,oc(X)(ccoo),oc(h)(ccoo),UNIQUE
subsAldPeroxy2.sdf,oc(X)(ccoo),oc(r)(ccoo),UNIQUE
subsAldPeroxy.sdf,oc(X)(ccooh),oc(h)(ccooh),UNIQUE
subsAldPeroxy.sdf,oc(X)(ccooh),oc(r)(ccooh),UNIQUE
subsAldPeroxy2.sdf,oc(X)(coo),oc(h)(coo),UNIQUE
subsAldPeroxy2.sdf,oc(X)(coo),oc(r)(coo),UNIQUE
subsAldPeroxy.sdf,oc(X)(cooh),oc(h)(cooh),UNIQUE
subsAldPeroxy.sdf,oc(X)(cooh),oc(r)(cooh),UNIQUE
subsAldPeroxy2.sdf,oc(X)c(X)(X)(oo),oc(h)c(h)(h)(oo),UNIQUE
subsAldPeroxy2.sdf,oc(X)c(X)(X)(oo),oc(r)c(h)(h)(oo),UNIQUE
subsAldPeroxy2.sdf,oc(X)c(X)(X)(oo),oc(h)c(r)(h)(oo),UNIQUE
subsAldPeroxy2.sdf,oc(X)c(X)(X)(oo),oc(r)c(r)(h)(oo),UNIQUE
subsAldPeroxy2.sdf,oc(X)c(X)(X)(oo),oc(h)c(r)(r)(oo),UNIQUE
subsAldPeroxy2.sdf,oc(X)c(X)(X)(oo),oc(r)c(r)(r)(oo),UNIQUE
subsAldPeroxy.sdf,oc(X)c(X)(X)(ooh),oc(h)c(h)(h)(ooh),UNIQUE
subsAldPeroxy.sdf,oc(X)c(X)(X)(ooh),oc(h)c(r)(h)(ooh),UNIQUE
subsAldPeroxy.sdf,oc(X)c(X)(X)(ooh),oc(h)c(r)(r)(ooh),UNIQUE
subsAldPeroxy.sdf,oc(X)c(X)(X)(ooh),oc(r)c(h)(h)(ooh),UNIQUE
subsAldPeroxy.sdf,oc(X)c(X)(X)(ooh),oc(r)c(r)(h)(ooh),UNIQUE
subsAldPeroxy.sdf,oc(X)c(X)(X)(ooh),oc(r)c(r)(r)(ooh),UNIQUE
subsAldOlefin.sdf,oc(X)c=c(XX),oc(h)c=c(hh),UNIQUE
subsAldOlefin.sdf,oc(X)c=c(XX),oc(r)c=c(hh),UNIQUE
subsAldOlefin.sdf,oc(X)c=c(XX),oc(h)c=c(rh),UNIQUE
subsAldOlefin.sdf,oc(X)c=c(XX),oc(r)c=c(rh),UNIQUE
subsAldOlefin.sdf,oc(X)c=c(XX),oc(h)c=c(rr),UNIQUE
subsAldOlefin.sdf,oc(X)c=c(XX),oc(r)c=c(rr),UNIQUE
subsAldPeroxy3.sdf,oc.(cccooh),oc.(cccooh),UNIQUE
subsAldPeroxy3.sdf,oc.(ccooh),oc.(ccooh),UNIQUE
subsAldPeroxy3.sdf,oc.(cooh),oc.(cooh),UNIQUE
subsAldPeroxy3.sdf,oc.c(X)(X)(ooh),oc.c(h)(h)(ooh),UNIQUE
subsAldPeroxy3.sdf,oc.c(X)(X)(ooh),oc.c(r)(h)(ooh),UNIQUE
subsAldPeroxy3.sdf,oc.c(X)(X)(ooh),oc.c(r)(r)(ooh),UNIQUE
subsAldPeroxy3.sdf,oc.c(X)(X)c(X)(X)(ooh),oc.c(h)(h)c(h)(h)(ooh),UNIQUE
subsAldPeroxy3.sdf,oc.c(X)(X)c(X)(X)(ooh),oc.c(r)(h)c(h)(h)(ooh),UNIQUE
subsAldPeroxy3.sdf,oc.c(X)(X)c(X)(X)(ooh),oc.c(r)(r)c(h)(h)(ooh),UNIQUE
subsAldPeroxy3.sdf,oc.c(X)(X)c(X)(X)(ooh),oc.c(h)(h)c(r)(h)(ooh),UNIQUE
subsAldPeroxy3.sdf,oc.c(X)(X)c(X)(X)(ooh),oc.c(r)(h)c(r)(h)(ooh),UNIQUE
subsAldPeroxy3.sdf,oc.c(X)(X)c(X)(X)(ooh),oc.c(r)(r)c(r)(h)(ooh),UNIQUE
subsAldPeroxy3.sdf,oc.c(X)(X)c(X)(X)(ooh),oc.c(h)(h)c(r)(r)(ooh),UNIQUE
subsAldPeroxy3.sdf,oc.c(X)(X)c(X)(X)(ooh),oc.c(r)(h)c(r)(r)(ooh),UNIQUE
subsAldPeroxy3.sdf,oc.c(X)(X)c(X)(X)(ooh),oc.c(r)(r)c(r)(r)(ooh),UNIQUE
subsEthene.sdf,olefin,olefin,UNIQUE
subsEthene.sdf,olefin-(QQ)(QQ),olefin-(qq)(qq),Q-CLASS
subsEthene.sdf,olefin-(XX)(XX),olefin-(hh)(hh),UNIQUE
subsEthene.sdf,olefin-(XX)(XX),olefin-(rh)(hh),UNIQUE
subsEthene.sdf,olefin-(XX)(XX),olefin-(rh)(rh),UNIQUE
subsEthene.sdf,olefin-(XX)(XX),olefin-(rr)(hh),UNIQUE
subsEthene.sdf,olefin-(XX)(XX),olefin-(rr)(rh),UNIQUE
subsEthene.sdf,olefin-(XX)(XX),olefin-(rr)(rr),UNIQUE
subsMolecules.sdf,oxygen,oxygen,UNIQUE
subsMolecules.sdf,oxygen-atom,oxygen-atom,UNIQUE
subsMolecules.sdf,oxygen-radical,oxygen-radical,UNIQUE
subsMolecules.sdf,peroxyl-radical,peroxyl-radical,UNIQUE
subsPeroxyPropeneRadical.sdf,peroxypropene-radical-(XX)(X)(XX),peroxypropene-radical-(hh)(h)(hh),UNIQUE
subsPeroxyPropeneRadical.sdf,peroxypropene-radical-(XX)(X)(XX),peroxypropene-radical-(rh)(h)(hh),UNIQUE
subsPeroxyPropeneRadical.sdf,peroxypropene-radical-(XX)(X)(XX),peroxypropene-radical-(rr)(h)(hh),UNIQUE
subsPeroxyPropeneRadical.sdf,peroxypropene-radical-(XX)(X)(XX),peroxypropene-radical-(hh)(r)(hh),UNIQUE
subsPeroxyPropeneRadical.sdf,peroxypropene-radical-(XX)(X)(XX),peroxypropene-radical-(rh)(r)(hh),UNIQUE
subsPeroxyPropeneRadical.sdf,peroxypropene-radical-(XX)(X)(XX),peroxypropene-radical-(rr)(r)(hh),UNIQUE
subsPeroxyPropeneRadical.sdf,peroxypropene-radical-(XX)(X)(XX),peroxypropene-radical-(hh)(h)(rh),UNIQUE
subsPeroxyPropeneRadical.sdf,peroxypropene-radical-(XX)(X)(XX),peroxypropene-radical-(rh)(h)(rh),UNIQUE
subsPeroxyPropeneRadical.sdf,peroxypropene-radical-(XX)(X)(XX),peroxypropene-radical-(rr)(h)(rh),UNIQUE
subsPeroxyPropeneRadical.sdf,peroxypropene-radical-(XX)(X)(XX),peroxypropene-radical-(hh)(r)(rh),UNIQUE
subsPeroxyPropeneRadical.sdf,peroxypropene-radical-(XX)(X)(XX),peroxypropene-radical-(rh)(r)(rh),UNIQUE
subsPeroxyPropeneRadical.sdf,peroxypropene-radical-(XX)(X)(XX),peroxypropene-radical-(rr)(r)(rh),UNIQUE
subsPeroxyPropeneRadical.sdf,peroxypropene-radical-(XX)(X)(XX),peroxypropene-radical-(hh)(h)(rr),UNIQUE
subsPeroxyPropeneRadical.sdf,peroxypropene-radical-(XX)(X)(XX),peroxypropene-radical-(rh)(h)(rr),UNIQUE
subsPeroxyPropeneRadical.sdf,peroxypropene-radical-(XX)(X)(XX),peroxypropene-radical-(rr)(h)(rr),UNIQUE
subsPeroxyPropeneRadical.sdf,peroxypropene-radical-(XX)(X)(XX),peroxypropene-radical-(hh)(r)(rr),UNIQUE
subsPeroxyPropeneRadical.sdf,peroxypropene-radical-(XX)(X)(XX),peroxypropene-radical-(rh)(r)(rr),UNIQUE
subsPeroxyPropeneRadical.sdf,peroxypropene-radical-(XX)(X)(XX),peroxypropene-radical-(rr)(r)(rr),UNIQUE
subsCarbon.sdf,primary-carbon-hydrogen-bond,primary-carbon-hydrogen-bond,UNIQUE
subsCarbon.sdf,primary-carbon-radical,primary-carbon-radical,UNIQUE
subsAlkene2.sdf,propene,propene,UNIQUE
subsPropene.sdf,propene-(XX)(X)(XXX),propene-(hh)(h)(hhh),UNIQUE
subsPropene.sdf,propene-(XX)(X)(XXX),propene-(rh)(h)(hhh),UNIQUE
subsPropene.sdf,propene-(XX)(X)(XXX),propene-(rr)(h)(hhh),UNIQUE
subsPropene.sdf,propene-(XX)(X)(XXX),propene-(hh)(r)(hhh),UNIQUE
subsPropene.sdf,propene-(XX)(X)(XXX),propene-(rh)(r)(hhh),UNIQUE
subsPropene.sdf,propene-(XX)(X)(XXX),propene-(rr)(r)(hhh),UNIQUE
subsPropene.sdf,propene-(XX)(X)(XXX),propene-(hh)(h)(rhh),UNIQUE
subsPropene.sdf,propene-(XX)(X)(XXX),propene-(rh)(h)(rhh),UNIQUE
subsPropene.sdf,propene-(XX)(X)(XXX),propene-(rr)(h)(rhh),UNIQUE
subsPropene.sdf,propene-(XX)(X)(XXX),propene-(hh)(r)(rhh),UNIQUE
subsPropene.sdf,propene-(XX)(X)(XXX),propene-(rh)(r)(rhh),UNIQUE
subsPropene.sdf,propene-(XX)(X)(XXX),propene-(rr)(r)(rhh),UNIQUE
subsPropene.sdf,propene-(XX)(X)(XXX),propene-(hh)(h)(rrh),UNIQUE
subsPropene.sdf,propene-(XX)(X)(XXX),propene-(rh)(h)(rrh),UNIQUE
subsPropene.sdf,propene-(XX)(X)(XXX),propene-(rr)(h)(rrh),UNIQUE
subsPropene.sdf,propene-(XX)(X)(XXX),propene-(hh)(r)(rrh),UNIQUE
subsPropene.sdf,propene-(XX)(X)(XXX),propene-(rh)(r)(rrh),UNIQUE
subsPropene.sdf,propene-(XX)(X)(XXX),propene-(rr)(r)(rrh),UNIQUE
subsPropene.sdf,propene-(XX)(X)(XXX),propene-(hh)(h)(rrr),UNIQUE
subsPropene.sdf,propene-(XX)(X)(XXX),propene-(rh)(h)(rrr),UNIQUE
subsPropene.sdf,propene-(XX)(X)(XXX),propene-(rr)(h)(rrr),UNIQUE
subsPropene.sdf,propene-(XX)(X)(XXX),propene-(hh)(r)(rrr),UNIQUE
subsPropene.sdf,propene-(XX)(X)(XXX),propene-(rh)(r)(rrr),UNIQUE
subsPropene.sdf,propene-(XX)(X)(XXX),propene-(rr)(r)(rrr),UNIQUE
subsPropenylRadical2.sdf,propenyl-radical-(QQ)(Q)(XX),propenyl-radical-(qq)(q)(hh),Q-CLASS
subsPropenylRadical2.sdf,propenyl-radical-(QQ)(Q)(XX),propenyl-radical-(qq)(q)(rh),Q-CLASS
subsPropenylRadical2.sdf,propenyl-radical-(QQ)(Q)(XX),propenyl-radical-(qq)(q)(rr),Q-CLASS
subsPropyl.sdf,propyl-(XXX)(XX)(XXX),propyl-(hhh)(hh)(hhh),UNIQUE
subsPropyl.sdf,propyl-(XXX)(XX)(XXX),propyl-(rhh)(hh)(hhh),UNIQUE
subsPropyl.sdf,propyl-(XXX)(XX)(XXX),propyl-(rrh)(hh)(hhh),UNIQUE
subsPropyl.sdf,propyl-(XXX)(XX)(XXX),propyl-(rrr)(hh)(hhh),UNIQUE
subsPropyl.sdf,propyl-(XXX)(XX)(XXX),propyl-(hhh)(rh)(hhh),UNIQUE
subsPropyl.sdf,propyl-(XXX)(XX)(XXX),propyl-(rhh)(rh)(hhh),UNIQUE
subsPropyl.sdf,propyl-(XXX)(XX)(XXX),propyl-(rrh)(rh)(hhh),UNIQUE
subsPropyl.sdf,propyl-(XXX)(XX)(XXX),propyl-(rrr)(rh)(hhh),UNIQUE
subsPropyl.sdf,propyl-(XXX)(XX)(XXX),propyl-(hhh)(rr)(hhh),UNIQUE
subsPropyl.sdf,propyl-(XXX)(XX)(XXX),propyl-(rhh)(rr)(hhh),UNIQUE
subsPropyl.sdf,propyl-(XXX)(XX)(XXX),propyl-(rrh)(rr)(hhh),UNIQUE
subsPropyl.sdf,propyl-(XXX)(XX)(XXX),propyl-(rrr)(rr)(hhh),UNIQUE
subsPropyl.sdf,propyl-(XXX)(XX)(XXX),propyl-(rhh)(hh)(rhh),UNIQUE
subsPropyl.sdf,propyl-(XXX)(XX)(XXX),propyl-(rrh)(hh)(rhh),UNIQUE
subsPropyl.sdf,propyl-(XXX)(XX)(XXX),propyl-(rrr)(hh)(rhh),UNIQUE
subsPropyl.sdf,propyl-(XXX)(XX)(XXX),propyl-(rhh)(rh)(rhh),UNIQUE
subsPropyl.sdf,propyl-(XXX)(XX)(XXX),propyl-(rrh)(rh)(rhh),UNIQUE
subsPropyl.sdf,propyl-(XXX)(XX)(XXX),propyl-(rrr)(rh)(rhh),UNIQUE
subsPropyl.sdf,propyl-(XXX)(XX)(XXX),propyl-(rhh)(rr)(rhh),UNIQUE
subsPropyl.sdf,propyl-(XXX)(XX)(XXX),propyl-(rrh)(rr)(rhh),UNIQUE
subsPropyl.sdf,propyl-(XXX)(XX)(XXX),propyl-(rrr)(rr)(rhh),UNIQUE
subsPropyl.sdf,propyl-(XXX)(XX)(XXX),propyl-(rrh)(hh)(rrh),UNIQUE
subsPropyl.sdf,propyl-(XXX)(XX)(XXX),propyl-(rrh)(rh)(rrh),UNIQUE
subsPropyl.sdf,propyl-(XXX)(XX)(XXX),propyl-(rrh)(rr)(rrh),UNIQUE
subsPropyl.sdf,propyl-(XXX)(XX)(XXX),propyl-(rrr)(hh)(rrh),UNIQUE
subsPropyl.sdf,propyl-(XXX)(XX)(XXX),propyl-(rrr)(rh)(rrh),UNIQUE
subsPropyl.sdf,propyl-(XXX)(XX)(XXX),propyl-(rrr)(rr)(rrh),UNIQUE
subsPropyl.sdf,propyl-(XXX)(XX)(XXX),propyl-(rrr)(hh)(rrr),UNIQUE
subsPropyl.sdf,propyl-(XXX)(XX)(XXX),propyl-(rrr)(rh)(rrr),UNIQUE
subsPropyl.sdf,propyl-(XXX)(XX)(XXX),propyl-(rrr)(rr)(rrr),UNIQUE
subsPropylRadical.sdf,propyl-radical-(XX)(XX)(XXX),propyl-radical-(hh)(hh)(hhh),UNIQUE
subsPropylRadical.sdf,propyl-radical-(XX)(XX)(XXX),propyl-radical-(rh)(hh)(hhh),UNIQUE
subsPropylRadical.sdf,propyl-radical-(XX)(XX)(XXX),propyl-radical-(rr)(hh)(hhh),UNIQUE
subsPropylRadical.sdf,propyl-radical-(XX)(XX)(XXX),propyl-radical-(hh)(rh)(hhh),UNIQUE
subsPropylRadical.sdf,propyl-radical-(XX)(XX)(XXX),propyl-radical-(rh)(rh)(hhh),UNIQUE
subsPropylRadical.sdf,propyl-radical-(XX)(XX)(XXX),propyl-radical-(rr)(rh)(hhh),UNIQUE
subsPropylRadical.sdf,propyl-radical-(XX)(XX)(XXX),propyl-radical-(hh)(rr)(hhh),UNIQUE
subsPropylRadical.sdf,propyl-radical-(XX)(XX)(XXX),propyl-radical-(rh)(rr)(hhh),UNIQUE
subsPropylRadical.sdf,propyl-radical-(XX)(XX)(XXX),propyl-radical-(rr)(rr)(hhh),UNIQUE
subsPropylRadical.sdf,propyl-radical-(XX)(XX)(XXX),propyl-radical-(hh)(hh)(rhh),UNIQUE
subsPropylRadical.sdf,propyl-radical-(XX)(XX)(XXX),propyl-radical-(rh)(hh)(rhh),UNIQUE
subsPropylRadical.sdf,propyl-radical-(XX)(XX)(XXX),propyl-radical-(rr)(hh)(rhh),UNIQUE
subsPropylRadical.sdf,propyl-radical-(XX)(XX)(XXX),propyl-radical-(hh)(rh)(rhh),UNIQUE
subsPropylRadical.sdf,propyl-radical-(XX)(XX)(XXX),propyl-radical-(rh)(rh)(rhh),UNIQUE
subsPropylRadical.sdf,propyl-radical-(XX)(XX)(XXX),propyl-radical-(rr)(rh)(rhh),UNIQUE
subsPropylRadical.sdf,propyl-radical-(XX)(XX)(XXX),propyl-radical-(hh)(rr)(rhh),UNIQUE
subsPropylRadical.sdf,propyl-radical-(XX)(XX)(XXX),propyl-radical-(rh)(rr)(rhh),UNIQUE
subsPropylRadical.sdf,propyl-radical-(XX)(XX)(XXX),propyl-radical-(rr)(rr)(rhh),UNIQUE
subsPropylRadical.sdf,propyl-radical-(XX)(XX)(XXX),propyl-radical-(hh)(hh)(rrh),UNIQUE
subsPropylRadical.sdf,propyl-radical-(XX)(XX)(XXX),propyl-radical-(rh)(hh)(rrh),UNIQUE
subsPropylRadical.sdf,propyl-radical-(XX)(XX)(XXX),propyl-radical-(rr)(hh)(rrh),UNIQUE
subsPropylRadical.sdf,propyl-radical-(XX)(XX)(XXX),propyl-radical-(hh)(rh)(rrh),UNIQUE
subsPropylRadical.sdf,propyl-radical-(XX)(XX)(XXX),propyl-radical-(rh)(rh)(rrh),UNIQUE
subsPropylRadical.sdf,propyl-radical-(XX)(XX)(XXX),propyl-radical-(rr)(rh)(rrh),UNIQUE
subsPropylRadical.sdf,propyl-radical-(XX)(XX)(XXX),propyl-radical-(hh)(rr)(rrh),UNIQUE
subsPropylRadical.sdf,propyl-radical-(XX)(XX)(XXX),propyl-radical-(rh)(rr)(rrh),UNIQUE
subsPropylRadical.sdf,propyl-radical-(XX)(XX)(XXX),propyl-radical-(rr)(rr)(rrh),UNIQUE
subsPropylRadical.sdf,propyl-radical-(XX)(XX)(XXX),propyl-radical-(hh)(hh)(rrr),UNIQUE
subsPropylRadical.sdf,propyl-radical-(XX)(XX)(XXX),propyl-radical-(rh)(hh)(rrr),UNIQUE
subsPropylRadical.sdf,propyl-radical-(XX)(XX)(XXX),propyl-radical-(rr)(hh)(rrr),UNIQUE
subsPropylRadical.sdf,propyl-radical-(XX)(XX)(XXX),propyl-radical-(hh)(rh)(rrr),UNIQUE
subsPropylRadical.sdf,propyl-radical-(XX)(XX)(XXX),propyl-radical-(rh)(rh)(rrr),UNIQUE
subsPropylRadical.sdf,propyl-radical-(XX)(XX)(XXX),propyl-radical-(rr)(rh)(rrr),UNIQUE
subsPropylRadical.sdf,propyl-radical-(XX)(XX)(XXX),propyl-radical-(hh)(rr)(rrr),UNIQUE
subsPropylRadical.sdf,propyl-radical-(XX)(XX)(XXX),propyl-radical-(rh)(rr)(rrr),UNIQUE
subsPropylRadical.sdf,propyl-radical-(XX)(XX)(XXX),propyl-radical-(rr)(rr)(rrr),UNIQUE
subsPropyne.sdf,propyne-(X)(XXX),propyne-(h)(hhh),UNIQUE
subsPropyne.sdf,propyne-(X)(XXX),propyne-(h)(rhh),UNIQUE
subsPropyne.sdf,propyne-(X)(XXX),propyne-(h)(rrh),UNIQUE
subsPropyne.sdf,propyne-(X)(XXX),propyne-(h)(rrr),UNIQUE
subsPropyne.sdf,propyne-(X)(XXX),propyne-(r)(hhh),UNIQUE
subsPropyne.sdf,propyne-(X)(XXX),propyne-(r)(rhh),UNIQUE
subsPropyne.sdf,propyne-(X)(XXX),propyne-(r)(rrh),UNIQUE
subsPropyne.sdf,propyne-(X)(XXX),propyne-(r)(rrr),UNIQUE
subsPropyne.sdf,propyne-(XX)(XX),propyne-(hh)(hh),UNIQUE
subsPropyne.sdf,propyne-(XX)(XX),propyne-(rh)(hh),UNIQUE
subsPropyne.sdf,propyne-(XX)(XX),propyne-(rr)(hh),UNIQUE
subsPropyne.sdf,propyne-(XX)(XX),propyne-(rh)(rh),UNIQUE
subsPropyne.sdf,propyne-(XX)(XX),propyne-(rr)(rh),UNIQUE
subsPropyne.sdf,propyne-(XX)(XX),propyne-(rr)(rr),UNIQUE
subsAldKetone.sdf,r-.cooh-r,r-.cooh-r,UNIQUE
subsAlkene3.sdf,rcoc(Q)c(QQ),rcoc(q)c(qq),Q-CLASS
subsCarbon.sdf,secondary-carbon-hydrogen-bond,secondary-carbon-hydrogen-bond,UNIQUE
subsCarbon.sdf,secondary-carbon-radical,secondary-carbon-radical,UNIQUE
subsCarbon.sdf,tertiary-carbon-hydrogen-bond,tertiary-carbon-hydrogen-bond,UNIQUE
subsCarbon.sdf,tertiary-carbon-radical,tertiary-carbon-radical,UNIQUE
subsMolecules.sdf,water,water,UNIQUE
